theta,trial,seed,initial_state,log_inverse_alpha,stopping_time
-0.8,0,260417587,0,320.0,578
-0.8,0,260417587,0,640.0,1009
-0.8,0,260417587,0,1280.0,1944
-0.8,0,260417587,0,2560.0,3739
-0.8,0,260417587,0,5120.0,7214
-0.8,1,260417588,1,320.0,544
-0.8,1,260417588,1,640.0,962
-0.8,1,260417588,1,1280.0,1894
-0.8,1,260417588,1,2560.0,3665
-0.8,1,260417588,1,5120.0,7085
-0.8,2,260417589,2,320.0,486
-0.8,2,260417589,2,640.0,940
-0.8,2,260417589,2,1280.0,1814
-0.8,2,260417589,2,2560.0,3664
-0.8,2,260417589,2,5120.0,7302
-0.8,3,260417590,3,320.0,575
-0.8,3,260417590,3,640.0,1010
-0.8,3,260417590,3,1280.0,1963
-0.8,3,260417590,3,2560.0,3664
-0.8,3,260417590,3,5120.0,7272
-0.8,4,260417591,4,320.0,482
-0.8,4,260417591,4,640.0,997
-0.8,4,260417591,4,1280.0,1898
-0.8,4,260417591,4,2560.0,3693
-0.8,4,260417591,4,5120.0,7223
-0.8,5,260417592,0,320.0,495
-0.8,5,260417592,0,640.0,939
-0.8,5,260417592,0,1280.0,1804
-0.8,5,260417592,0,2560.0,3570
-0.8,5,260417592,0,5120.0,7132
-0.8,6,260417593,1,320.0,535
-0.8,6,260417593,1,640.0,959
-0.8,6,260417593,1,1280.0,1853
-0.8,6,260417593,1,2560.0,3686
-0.8,6,260417593,1,5120.0,7208
-0.8,7,260417594,2,320.0,549
-0.8,7,260417594,2,640.0,1032
-0.8,7,260417594,2,1280.0,1949
-0.8,7,260417594,2,2560.0,3770
-0.8,7,260417594,2,5120.0,7388
-0.8,8,260417595,3,320.0,579
-0.8,8,260417595,3,640.0,1068
-0.8,8,260417595,3,1280.0,1968
-0.8,8,260417595,3,2560.0,3804
-0.8,8,260417595,3,5120.0,7304
-0.8,9,260417596,4,320.0,534
-0.8,9,260417596,4,640.0,1025
-0.8,9,260417596,4,1280.0,1888
-0.8,9,260417596,4,2560.0,3666
-0.8,9,260417596,4,5120.0,7287
-0.8,10,260417597,0,320.0,513
-0.8,10,260417597,0,640.0,1018
-0.8,10,260417597,0,1280.0,1888
-0.8,10,260417597,0,2560.0,3650
-0.8,10,260417597,0,5120.0,7217
-0.8,11,260417598,1,320.0,537
-0.8,11,260417598,1,640.0,1027
-0.8,11,260417598,1,1280.0,1907
-0.8,11,260417598,1,2560.0,3712
-0.8,11,260417598,1,5120.0,7324
-0.8,12,260417599,2,320.0,597
-0.8,12,260417599,2,640.0,1093
-0.8,12,260417599,2,1280.0,1952
-0.8,12,260417599,2,2560.0,3766
-0.8,12,260417599,2,5120.0,7268
-0.8,13,260417600,3,320.0,559
-0.8,13,260417600,3,640.0,1037
-0.8,13,260417600,3,1280.0,1881
-0.8,13,260417600,3,2560.0,3732
-0.8,13,260417600,3,5120.0,7269
-0.8,14,260417601,4,320.0,543
-0.8,14,260417601,4,640.0,979
-0.8,14,260417601,4,1280.0,1844
-0.8,14,260417601,4,2560.0,3591
-0.8,14,260417601,4,5120.0,7271
-0.8,15,260417602,0,320.0,533
-0.8,15,260417602,0,640.0,1114
-0.8,15,260417602,0,1280.0,2051
-0.8,15,260417602,0,2560.0,3834
-0.8,15,260417602,0,5120.0,7433
-0.8,16,260417603,1,320.0,589
-0.8,16,260417603,1,640.0,1068
-0.8,16,260417603,1,1280.0,1908
-0.8,16,260417603,1,2560.0,3775
-0.8,16,260417603,1,5120.0,7226
-0.8,17,260417604,2,320.0,540
-0.8,17,260417604,2,640.0,1014
-0.8,17,260417604,2,1280.0,1943
-0.8,17,260417604,2,2560.0,3724
-0.8,17,260417604,2,5120.0,7144
-0.8,18,260417605,3,320.0,557
-0.8,18,260417605,3,640.0,1006
-0.8,18,260417605,3,1280.0,1852
-0.8,18,260417605,3,2560.0,3707
-0.8,18,260417605,3,5120.0,7175
-0.8,19,260417606,4,320.0,546
-0.8,19,260417606,4,640.0,1033
-0.8,19,260417606,4,1280.0,2004
-0.8,19,260417606,4,2560.0,3785
-0.8,19,260417606,4,5120.0,7291
-0.8,20,260417607,0,320.0,589
-0.8,20,260417607,0,640.0,1054
-0.8,20,260417607,0,1280.0,2008
-0.8,20,260417607,0,2560.0,3751
-0.8,20,260417607,0,5120.0,7305
-0.8,21,260417608,1,320.0,602
-0.8,21,260417608,1,640.0,1054
-0.8,21,260417608,1,1280.0,1904
-0.8,21,260417608,1,2560.0,3717
-0.8,21,260417608,1,5120.0,7400
-0.8,22,260417609,2,320.0,507
-0.8,22,260417609,2,640.0,953
-0.8,22,260417609,2,1280.0,1904
-0.8,22,260417609,2,2560.0,3653
-0.8,22,260417609,2,5120.0,7341
-0.8,23,260417610,3,320.0,569
-0.8,23,260417610,3,640.0,1065
-0.8,23,260417610,3,1280.0,1943
-0.8,23,260417610,3,2560.0,3719
-0.8,23,260417610,3,5120.0,7222
-0.8,24,260417611,4,320.0,555
-0.8,24,260417611,4,640.0,925
-0.8,24,260417611,4,1280.0,1789
-0.8,24,260417611,4,2560.0,3584
-0.8,24,260417611,4,5120.0,7148
-0.8,25,260417612,0,320.0,523
-0.8,25,260417612,0,640.0,976
-0.8,25,260417612,0,1280.0,1917
-0.8,25,260417612,0,2560.0,3724
-0.8,25,260417612,0,5120.0,7310
-0.8,26,260417613,1,320.0,524
-0.8,26,260417613,1,640.0,982
-0.8,26,260417613,1,1280.0,1892
-0.8,26,260417613,1,2560.0,3604
-0.8,26,260417613,1,5120.0,7096
-0.8,27,260417614,2,320.0,523
-0.8,27,260417614,2,640.0,978
-0.8,27,260417614,2,1280.0,1887
-0.8,27,260417614,2,2560.0,3682
-0.8,27,260417614,2,5120.0,7150
-0.8,28,260417615,3,320.0,553
-0.8,28,260417615,3,640.0,1064
-0.8,28,260417615,3,1280.0,2011
-0.8,28,260417615,3,2560.0,3733
-0.8,28,260417615,3,5120.0,7248
-0.8,29,260417616,4,320.0,526
-0.8,29,260417616,4,640.0,935
-0.8,29,260417616,4,1280.0,1759
-0.8,29,260417616,4,2560.0,3494
-0.8,29,260417616,4,5120.0,6943
-0.8,30,260417617,0,320.0,530
-0.8,30,260417617,0,640.0,1011
-0.8,30,260417617,0,1280.0,1880
-0.8,30,260417617,0,2560.0,3648
-0.8,30,260417617,0,5120.0,7315
-0.8,31,260417618,1,320.0,598
-0.8,31,260417618,1,640.0,1067
-0.8,31,260417618,1,1280.0,1998
-0.8,31,260417618,1,2560.0,3825
-0.8,31,260417618,1,5120.0,7490
-0.8,32,260417619,2,320.0,526
-0.8,32,260417619,2,640.0,991
-0.8,32,260417619,2,1280.0,1860
-0.8,32,260417619,2,2560.0,3561
-0.8,32,260417619,2,5120.0,7038
-0.8,33,260417620,3,320.0,577
-0.8,33,260417620,3,640.0,1019
-0.8,33,260417620,3,1280.0,1927
-0.8,33,260417620,3,2560.0,3638
-0.8,33,260417620,3,5120.0,7150
-0.8,34,260417621,4,320.0,576
-0.8,34,260417621,4,640.0,1015
-0.8,34,260417621,4,1280.0,1949
-0.8,34,260417621,4,2560.0,3651
-0.8,34,260417621,4,5120.0,7165
-0.8,35,260417622,0,320.0,487
-0.8,35,260417622,0,640.0,949
-0.8,35,260417622,0,1280.0,1888
-0.8,35,260417622,0,2560.0,3655
-0.8,35,260417622,0,5120.0,7313
-0.8,36,260417623,1,320.0,516
-0.8,36,260417623,1,640.0,952
-0.8,36,260417623,1,1280.0,1848
-0.8,36,260417623,1,2560.0,3785
-0.8,36,260417623,1,5120.0,7385
-0.8,37,260417624,2,320.0,598
-0.8,37,260417624,2,640.0,1005
-0.8,37,260417624,2,1280.0,1950
-0.8,37,260417624,2,2560.0,3610
-0.8,37,260417624,2,5120.0,7273
-0.8,38,260417625,3,320.0,570
-0.8,38,260417625,3,640.0,1001
-0.8,38,260417625,3,1280.0,1844
-0.8,38,260417625,3,2560.0,3652
-0.8,38,260417625,3,5120.0,7139
-0.8,39,260417626,4,320.0,513
-0.8,39,260417626,4,640.0,972
-0.8,39,260417626,4,1280.0,1844
-0.8,39,260417626,4,2560.0,3588
-0.8,39,260417626,4,5120.0,7111
-0.8,40,260417627,0,320.0,554
-0.8,40,260417627,0,640.0,974
-0.8,40,260417627,0,1280.0,1852
-0.8,40,260417627,0,2560.0,3632
-0.8,40,260417627,0,5120.0,7196
-0.8,41,260417628,1,320.0,553
-0.8,41,260417628,1,640.0,1052
-0.8,41,260417628,1,1280.0,1918
-0.8,41,260417628,1,2560.0,3698
-0.8,41,260417628,1,5120.0,7215
-0.8,42,260417629,2,320.0,543
-0.8,42,260417629,2,640.0,1008
-0.8,42,260417629,2,1280.0,1882
-0.8,42,260417629,2,2560.0,3523
-0.8,42,260417629,2,5120.0,7152
-0.8,43,260417630,3,320.0,533
-0.8,43,260417630,3,640.0,1032
-0.8,43,260417630,3,1280.0,1992
-0.8,43,260417630,3,2560.0,3848
-0.8,43,260417630,3,5120.0,7326
-0.8,44,260417631,4,320.0,489
-0.8,44,260417631,4,640.0,977
-0.8,44,260417631,4,1280.0,1842
-0.8,44,260417631,4,2560.0,3542
-0.8,44,260417631,4,5120.0,7056
-0.8,45,260417632,0,320.0,522
-0.8,45,260417632,0,640.0,1047
-0.8,45,260417632,0,1280.0,1990
-0.8,45,260417632,0,2560.0,3821
-0.8,45,260417632,0,5120.0,7265
-0.8,46,260417633,1,320.0,584
-0.8,46,260417633,1,640.0,1003
-0.8,46,260417633,1,1280.0,1906
-0.8,46,260417633,1,2560.0,3696
-0.8,46,260417633,1,5120.0,7171
-0.8,47,260417634,2,320.0,602
-0.8,47,260417634,2,640.0,1046
-0.8,47,260417634,2,1280.0,1957
-0.8,47,260417634,2,2560.0,3683
-0.8,47,260417634,2,5120.0,7310
-0.8,48,260417635,3,320.0,564
-0.8,48,260417635,3,640.0,1013
-0.8,48,260417635,3,1280.0,1896
-0.8,48,260417635,3,2560.0,3760
-0.8,48,260417635,3,5120.0,7216
-0.8,49,260417636,4,320.0,517
-0.8,49,260417636,4,640.0,964
-0.8,49,260417636,4,1280.0,1855
-0.8,49,260417636,4,2560.0,3598
-0.8,49,260417636,4,5120.0,7103
-0.8,50,260417637,0,320.0,566
-0.8,50,260417637,0,640.0,1053
-0.8,50,260417637,0,1280.0,1921
-0.8,50,260417637,0,2560.0,3730
-0.8,50,260417637,0,5120.0,7224
-0.8,51,260417638,1,320.0,554
-0.8,51,260417638,1,640.0,1010
-0.8,51,260417638,1,1280.0,1977
-0.8,51,260417638,1,2560.0,3772
-0.8,51,260417638,1,5120.0,7426
-0.8,52,260417639,2,320.0,469
-0.8,52,260417639,2,640.0,909
-0.8,52,260417639,2,1280.0,1831
-0.8,52,260417639,2,2560.0,3713
-0.8,52,260417639,2,5120.0,7336
-0.8,53,260417640,3,320.0,565
-0.8,53,260417640,3,640.0,1071
-0.8,53,260417640,3,1280.0,2003
-0.8,53,260417640,3,2560.0,3647
-0.8,53,260417640,3,5120.0,7215
-0.8,54,260417641,4,320.0,565
-0.8,54,260417641,4,640.0,1030
-0.8,54,260417641,4,1280.0,1931
-0.8,54,260417641,4,2560.0,3809
-0.8,54,260417641,4,5120.0,7313
-0.8,55,260417642,0,320.0,556
-0.8,55,260417642,0,640.0,1067
-0.8,55,260417642,0,1280.0,1913
-0.8,55,260417642,0,2560.0,3717
-0.8,55,260417642,0,5120.0,7291
-0.8,56,260417643,1,320.0,538
-0.8,56,260417643,1,640.0,1055
-0.8,56,260417643,1,1280.0,2013
-0.8,56,260417643,1,2560.0,3899
-0.8,56,260417643,1,5120.0,7590
-0.8,57,260417644,2,320.0,507
-0.8,57,260417644,2,640.0,964
-0.8,57,260417644,2,1280.0,1959
-0.8,57,260417644,2,2560.0,3830
-0.8,57,260417644,2,5120.0,7379
-0.8,58,260417645,3,320.0,534
-0.8,58,260417645,3,640.0,952
-0.8,58,260417645,3,1280.0,1895
-0.8,58,260417645,3,2560.0,3748
-0.8,58,260417645,3,5120.0,7545
-0.8,59,260417646,4,320.0,504
-0.8,59,260417646,4,640.0,973
-0.8,59,260417646,4,1280.0,1827
-0.8,59,260417646,4,2560.0,3577
-0.8,59,260417646,4,5120.0,7137
-0.8,60,260417647,0,320.0,548
-0.8,60,260417647,0,640.0,1055
-0.8,60,260417647,0,1280.0,1949
-0.8,60,260417647,0,2560.0,3702
-0.8,60,260417647,0,5120.0,7309
-0.8,61,260417648,1,320.0,667
-0.8,61,260417648,1,640.0,1105
-0.8,61,260417648,1,1280.0,2106
-0.8,61,260417648,1,2560.0,3783
-0.8,61,260417648,1,5120.0,7227
-0.8,62,260417649,2,320.0,488
-0.8,62,260417649,2,640.0,924
-0.8,62,260417649,2,1280.0,1788
-0.8,62,260417649,2,2560.0,3638
-0.8,62,260417649,2,5120.0,7219
-0.8,63,260417650,3,320.0,587
-0.8,63,260417650,3,640.0,1048
-0.8,63,260417650,3,1280.0,2012
-0.8,63,260417650,3,2560.0,3860
-0.8,63,260417650,3,5120.0,7432
-0.8,64,260417651,4,320.0,520
-0.8,64,260417651,4,640.0,1054
-0.8,64,260417651,4,1280.0,1999
-0.8,64,260417651,4,2560.0,3751
-0.8,64,260417651,4,5120.0,7390
-0.8,65,260417652,0,320.0,519
-0.8,65,260417652,0,640.0,972
-0.8,65,260417652,0,1280.0,1825
-0.8,65,260417652,0,2560.0,3685
-0.8,65,260417652,0,5120.0,7187
-0.8,66,260417653,1,320.0,513
-0.8,66,260417653,1,640.0,965
-0.8,66,260417653,1,1280.0,1844
-0.8,66,260417653,1,2560.0,3748
-0.8,66,260417653,1,5120.0,7197
-0.8,67,260417654,2,320.0,545
-0.8,67,260417654,2,640.0,1008
-0.8,67,260417654,2,1280.0,1867
-0.8,67,260417654,2,2560.0,3645
-0.8,67,260417654,2,5120.0,7190
-0.8,68,260417655,3,320.0,554
-0.8,68,260417655,3,640.0,1049
-0.8,68,260417655,3,1280.0,1996
-0.8,68,260417655,3,2560.0,3941
-0.8,68,260417655,3,5120.0,7461
-0.8,69,260417656,4,320.0,521
-0.8,69,260417656,4,640.0,1006
-0.8,69,260417656,4,1280.0,1960
-0.8,69,260417656,4,2560.0,3764
-0.8,69,260417656,4,5120.0,7312
-0.8,70,260417657,0,320.0,546
-0.8,70,260417657,0,640.0,1035
-0.8,70,260417657,0,1280.0,1926
-0.8,70,260417657,0,2560.0,3654
-0.8,70,260417657,0,5120.0,7170
-0.8,71,260417658,1,320.0,492
-0.8,71,260417658,1,640.0,945
-0.8,71,260417658,1,1280.0,1798
-0.8,71,260417658,1,2560.0,3662
-0.8,71,260417658,1,5120.0,7273
-0.8,72,260417659,2,320.0,525
-0.8,72,260417659,2,640.0,1007
-0.8,72,260417659,2,1280.0,1895
-0.8,72,260417659,2,2560.0,3810
-0.8,72,260417659,2,5120.0,7399
-0.8,73,260417660,3,320.0,491
-0.8,73,260417660,3,640.0,958
-0.8,73,260417660,3,1280.0,1896
-0.8,73,260417660,3,2560.0,3698
-0.8,73,260417660,3,5120.0,7227
-0.8,74,260417661,4,320.0,541
-0.8,74,260417661,4,640.0,1013
-0.8,74,260417661,4,1280.0,1898
-0.8,74,260417661,4,2560.0,3659
-0.8,74,260417661,4,5120.0,7115
-0.8,75,260417662,0,320.0,575
-0.8,75,260417662,0,640.0,1019
-0.8,75,260417662,0,1280.0,1901
-0.8,75,260417662,0,2560.0,3679
-0.8,75,260417662,0,5120.0,7286
-0.8,76,260417663,1,320.0,466
-0.8,76,260417663,1,640.0,984
-0.8,76,260417663,1,1280.0,1918
-0.8,76,260417663,1,2560.0,3681
-0.8,76,260417663,1,5120.0,7130
-0.8,77,260417664,2,320.0,569
-0.8,77,260417664,2,640.0,1016
-0.8,77,260417664,2,1280.0,1961
-0.8,77,260417664,2,2560.0,3869
-0.8,77,260417664,2,5120.0,7370
-0.8,78,260417665,3,320.0,596
-0.8,78,260417665,3,640.0,1100
-0.8,78,260417665,3,1280.0,1959
-0.8,78,260417665,3,2560.0,3718
-0.8,78,260417665,3,5120.0,7265
-0.8,79,260417666,4,320.0,657
-0.8,79,260417666,4,640.0,1147
-0.8,79,260417666,4,1280.0,1992
-0.8,79,260417666,4,2560.0,3730
-0.8,79,260417666,4,5120.0,7147
-0.8,80,260417667,0,320.0,534
-0.8,80,260417667,0,640.0,990
-0.8,80,260417667,0,1280.0,1862
-0.8,80,260417667,0,2560.0,3706
-0.8,80,260417667,0,5120.0,7421
-0.8,81,260417668,1,320.0,526
-0.8,81,260417668,1,640.0,963
-0.8,81,260417668,1,1280.0,1928
-0.8,81,260417668,1,2560.0,3668
-0.8,81,260417668,1,5120.0,7216
-0.8,82,260417669,2,320.0,555
-0.8,82,260417669,2,640.0,1027
-0.8,82,260417669,2,1280.0,1882
-0.8,82,260417669,2,2560.0,3654
-0.8,82,260417669,2,5120.0,7171
-0.8,83,260417670,3,320.0,555
-0.8,83,260417670,3,640.0,986
-0.8,83,260417670,3,1280.0,2014
-0.8,83,260417670,3,2560.0,3786
-0.8,83,260417670,3,5120.0,7274
-0.8,84,260417671,4,320.0,577
-0.8,84,260417671,4,640.0,1040
-0.8,84,260417671,4,1280.0,1883
-0.8,84,260417671,4,2560.0,3705
-0.8,84,260417671,4,5120.0,7195
-0.8,85,260417672,0,320.0,579
-0.8,85,260417672,0,640.0,1031
-0.8,85,260417672,0,1280.0,1931
-0.8,85,260417672,0,2560.0,3673
-0.8,85,260417672,0,5120.0,7295
-0.8,86,260417673,1,320.0,589
-0.8,86,260417673,1,640.0,1085
-0.8,86,260417673,1,1280.0,1942
-0.8,86,260417673,1,2560.0,3700
-0.8,86,260417673,1,5120.0,7227
-0.8,87,260417674,2,320.0,527
-0.8,87,260417674,2,640.0,1051
-0.8,87,260417674,2,1280.0,1898
-0.8,87,260417674,2,2560.0,3630
-0.8,87,260417674,2,5120.0,7276
-0.8,88,260417675,3,320.0,518
-0.8,88,260417675,3,640.0,924
-0.8,88,260417675,3,1280.0,1867
-0.8,88,260417675,3,2560.0,3641
-0.8,88,260417675,3,5120.0,7059
-0.8,89,260417676,4,320.0,553
-0.8,89,260417676,4,640.0,1022
-0.8,89,260417676,4,1280.0,1901
-0.8,89,260417676,4,2560.0,3573
-0.8,89,260417676,4,5120.0,6963
-0.8,90,260417677,0,320.0,506
-0.8,90,260417677,0,640.0,966
-0.8,90,260417677,0,1280.0,1815
-0.8,90,260417677,0,2560.0,3646
-0.8,90,260417677,0,5120.0,7341
-0.8,91,260417678,1,320.0,555
-0.8,91,260417678,1,640.0,1045
-0.8,91,260417678,1,1280.0,2004
-0.8,91,260417678,1,2560.0,3915
-0.8,91,260417678,1,5120.0,7419
-0.8,92,260417679,2,320.0,624
-0.8,92,260417679,2,640.0,1053
-0.8,92,260417679,2,1280.0,1935
-0.8,92,260417679,2,2560.0,3749
-0.8,92,260417679,2,5120.0,7458
-0.8,93,260417680,3,320.0,615
-0.8,93,260417680,3,640.0,1035
-0.8,93,260417680,3,1280.0,1924
-0.8,93,260417680,3,2560.0,3546
-0.8,93,260417680,3,5120.0,7104
-0.8,94,260417681,4,320.0,554
-0.8,94,260417681,4,640.0,1008
-0.8,94,260417681,4,1280.0,1900
-0.8,94,260417681,4,2560.0,3636
-0.8,94,260417681,4,5120.0,7113
-0.8,95,260417682,0,320.0,557
-0.8,95,260417682,0,640.0,999
-0.8,95,260417682,0,1280.0,1991
-0.8,95,260417682,0,2560.0,3737
-0.8,95,260417682,0,5120.0,7242
-0.8,96,260417683,1,320.0,552
-0.8,96,260417683,1,640.0,988
-0.8,96,260417683,1,1280.0,1890
-0.8,96,260417683,1,2560.0,3648
-0.8,96,260417683,1,5120.0,7268
-0.8,97,260417684,2,320.0,533
-0.8,97,260417684,2,640.0,1023
-0.8,97,260417684,2,1280.0,1986
-0.8,97,260417684,2,2560.0,3669
-0.8,97,260417684,2,5120.0,7305
-0.8,98,260417685,3,320.0,573
-0.8,98,260417685,3,640.0,1023
-0.8,98,260417685,3,1280.0,1924
-0.8,98,260417685,3,2560.0,3628
-0.8,98,260417685,3,5120.0,7181
-0.8,99,260417686,4,320.0,511
-0.8,99,260417686,4,640.0,920
-0.8,99,260417686,4,1280.0,1818
-0.8,99,260417686,4,2560.0,3574
-0.8,99,260417686,4,5120.0,7164
-0.8,100,260417687,0,320.0,486
-0.8,100,260417687,0,640.0,913
-0.8,100,260417687,0,1280.0,1765
-0.8,100,260417687,0,2560.0,3411
-0.8,100,260417687,0,5120.0,6974
-0.8,101,260417688,1,320.0,589
-0.8,101,260417688,1,640.0,1032
-0.8,101,260417688,1,1280.0,1952
-0.8,101,260417688,1,2560.0,3839
-0.8,101,260417688,1,5120.0,7424
-0.8,102,260417689,2,320.0,567
-0.8,102,260417689,2,640.0,1023
-0.8,102,260417689,2,1280.0,1922
-0.8,102,260417689,2,2560.0,3704
-0.8,102,260417689,2,5120.0,7269
-0.8,103,260417690,3,320.0,516
-0.8,103,260417690,3,640.0,930
-0.8,103,260417690,3,1280.0,1852
-0.8,103,260417690,3,2560.0,3663
-0.8,103,260417690,3,5120.0,7179
-0.8,104,260417691,4,320.0,540
-0.8,104,260417691,4,640.0,1001
-0.8,104,260417691,4,1280.0,1813
-0.8,104,260417691,4,2560.0,3629
-0.8,104,260417691,4,5120.0,7104
-0.8,105,260417692,0,320.0,558
-0.8,105,260417692,0,640.0,994
-0.8,105,260417692,0,1280.0,1911
-0.8,105,260417692,0,2560.0,3667
-0.8,105,260417692,0,5120.0,7298
-0.8,106,260417693,1,320.0,568
-0.8,106,260417693,1,640.0,1030
-0.8,106,260417693,1,1280.0,1919
-0.8,106,260417693,1,2560.0,3714
-0.8,106,260417693,1,5120.0,7394
-0.8,107,260417694,2,320.0,564
-0.8,107,260417694,2,640.0,989
-0.8,107,260417694,2,1280.0,1873
-0.8,107,260417694,2,2560.0,3726
-0.8,107,260417694,2,5120.0,7355
-0.8,108,260417695,3,320.0,591
-0.8,108,260417695,3,640.0,1051
-0.8,108,260417695,3,1280.0,2081
-0.8,108,260417695,3,2560.0,3827
-0.8,108,260417695,3,5120.0,7442
-0.8,109,260417696,4,320.0,474
-0.8,109,260417696,4,640.0,901
-0.8,109,260417696,4,1280.0,1815
-0.8,109,260417696,4,2560.0,3547
-0.8,109,260417696,4,5120.0,7124
-0.8,110,260417697,0,320.0,519
-0.8,110,260417697,0,640.0,1012
-0.8,110,260417697,0,1280.0,1858
-0.8,110,260417697,0,2560.0,3667
-0.8,110,260417697,0,5120.0,7267
-0.8,111,260417698,1,320.0,523
-0.8,111,260417698,1,640.0,987
-0.8,111,260417698,1,1280.0,1864
-0.8,111,260417698,1,2560.0,3554
-0.8,111,260417698,1,5120.0,7144
-0.8,112,260417699,2,320.0,488
-0.8,112,260417699,2,640.0,949
-0.8,112,260417699,2,1280.0,1833
-0.8,112,260417699,2,2560.0,3608
-0.8,112,260417699,2,5120.0,7018
-0.8,113,260417700,3,320.0,545
-0.8,113,260417700,3,640.0,1013
-0.8,113,260417700,3,1280.0,1972
-0.8,113,260417700,3,2560.0,3849
-0.8,113,260417700,3,5120.0,7449
-0.8,114,260417701,4,320.0,548
-0.8,114,260417701,4,640.0,964
-0.8,114,260417701,4,1280.0,1872
-0.8,114,260417701,4,2560.0,3652
-0.8,114,260417701,4,5120.0,7130
-0.8,115,260417702,0,320.0,493
-0.8,115,260417702,0,640.0,959
-0.8,115,260417702,0,1280.0,1842
-0.8,115,260417702,0,2560.0,3701
-0.8,115,260417702,0,5120.0,7218
-0.8,116,260417703,1,320.0,609
-0.8,116,260417703,1,640.0,1017
-0.8,116,260417703,1,1280.0,1954
-0.8,116,260417703,1,2560.0,3753
-0.8,116,260417703,1,5120.0,7242
-0.8,117,260417704,2,320.0,537
-0.8,117,260417704,2,640.0,1021
-0.8,117,260417704,2,1280.0,1947
-0.8,117,260417704,2,2560.0,3715
-0.8,117,260417704,2,5120.0,7182
-0.8,118,260417705,3,320.0,583
-0.8,118,260417705,3,640.0,1046
-0.8,118,260417705,3,1280.0,1923
-0.8,118,260417705,3,2560.0,3663
-0.8,118,260417705,3,5120.0,7472
-0.8,119,260417706,4,320.0,558
-0.8,119,260417706,4,640.0,990
-0.8,119,260417706,4,1280.0,1838
-0.8,119,260417706,4,2560.0,3730
-0.8,119,260417706,4,5120.0,7381
-0.8,120,260417707,0,320.0,520
-0.8,120,260417707,0,640.0,978
-0.8,120,260417707,0,1280.0,1930
-0.8,120,260417707,0,2560.0,3696
-0.8,120,260417707,0,5120.0,7183
-0.8,121,260417708,1,320.0,564
-0.8,121,260417708,1,640.0,996
-0.8,121,260417708,1,1280.0,1847
-0.8,121,260417708,1,2560.0,3627
-0.8,121,260417708,1,5120.0,7067
-0.8,122,260417709,2,320.0,544
-0.8,122,260417709,2,640.0,1064
-0.8,122,260417709,2,1280.0,1983
-0.8,122,260417709,2,2560.0,3767
-0.8,122,260417709,2,5120.0,7607
-0.8,123,260417710,3,320.0,559
-0.8,123,260417710,3,640.0,981
-0.8,123,260417710,3,1280.0,1886
-0.8,123,260417710,3,2560.0,3683
-0.8,123,260417710,3,5120.0,7284
-0.8,124,260417711,4,320.0,558
-0.8,124,260417711,4,640.0,1055
-0.8,124,260417711,4,1280.0,1916
-0.8,124,260417711,4,2560.0,3648
-0.8,124,260417711,4,5120.0,7079
-0.8,125,260417712,0,320.0,566
-0.8,125,260417712,0,640.0,1057
-0.8,125,260417712,0,1280.0,1931
-0.8,125,260417712,0,2560.0,3724
-0.8,125,260417712,0,5120.0,7247
-0.8,126,260417713,1,320.0,582
-0.8,126,260417713,1,640.0,1042
-0.8,126,260417713,1,1280.0,1971
-0.8,126,260417713,1,2560.0,3692
-0.8,126,260417713,1,5120.0,7227
-0.8,127,260417714,2,320.0,567
-0.8,127,260417714,2,640.0,1019
-0.8,127,260417714,2,1280.0,1922
-0.8,127,260417714,2,2560.0,3711
-0.8,127,260417714,2,5120.0,7395
-0.6,0,260427587,0,320.0,797
-0.6,0,260427587,0,640.0,1433
-0.6,0,260427587,0,1280.0,2627
-0.6,0,260427587,0,2560.0,4923
-0.6,0,260427587,0,5120.0,9950
-0.6,1,260427588,1,320.0,743
-0.6,1,260427588,1,640.0,1417
-0.6,1,260427588,1,1280.0,2590
-0.6,1,260427588,1,2560.0,5098
-0.6,1,260427588,1,5120.0,10027
-0.6,2,260427589,2,320.0,762
-0.6,2,260427589,2,640.0,1442
-0.6,2,260427589,2,1280.0,2709
-0.6,2,260427589,2,2560.0,5105
-0.6,2,260427589,2,5120.0,9958
-0.6,3,260427590,3,320.0,724
-0.6,3,260427590,3,640.0,1311
-0.6,3,260427590,3,1280.0,2556
-0.6,3,260427590,3,2560.0,4858
-0.6,3,260427590,3,5120.0,9936
-0.6,4,260427591,4,320.0,764
-0.6,4,260427591,4,640.0,1449
-0.6,4,260427591,4,1280.0,2842
-0.6,4,260427591,4,2560.0,5365
-0.6,4,260427591,4,5120.0,10337
-0.6,5,260427592,0,320.0,757
-0.6,5,260427592,0,640.0,1330
-0.6,5,260427592,0,1280.0,2481
-0.6,5,260427592,0,2560.0,5018
-0.6,5,260427592,0,5120.0,9953
-0.6,6,260427593,1,320.0,829
-0.6,6,260427593,1,640.0,1471
-0.6,6,260427593,1,1280.0,2737
-0.6,6,260427593,1,2560.0,5138
-0.6,6,260427593,1,5120.0,10005
-0.6,7,260427594,2,320.0,751
-0.6,7,260427594,2,640.0,1469
-0.6,7,260427594,2,1280.0,2678
-0.6,7,260427594,2,2560.0,5064
-0.6,7,260427594,2,5120.0,10135
-0.6,8,260427595,3,320.0,744
-0.6,8,260427595,3,640.0,1389
-0.6,8,260427595,3,1280.0,2582
-0.6,8,260427595,3,2560.0,5046
-0.6,8,260427595,3,5120.0,9857
-0.6,9,260427596,4,320.0,758
-0.6,9,260427596,4,640.0,1400
-0.6,9,260427596,4,1280.0,2664
-0.6,9,260427596,4,2560.0,5079
-0.6,9,260427596,4,5120.0,10294
-0.6,10,260427597,0,320.0,662
-0.6,10,260427597,0,640.0,1368
-0.6,10,260427597,0,1280.0,2621
-0.6,10,260427597,0,2560.0,5149
-0.6,10,260427597,0,5120.0,9852
-0.6,11,260427598,1,320.0,790
-0.6,11,260427598,1,640.0,1491
-0.6,11,260427598,1,1280.0,2629
-0.6,11,260427598,1,2560.0,5183
-0.6,11,260427598,1,5120.0,9940
-0.6,12,260427599,2,320.0,805
-0.6,12,260427599,2,640.0,1450
-0.6,12,260427599,2,1280.0,2671
-0.6,12,260427599,2,2560.0,5105
-0.6,12,260427599,2,5120.0,10021
-0.6,13,260427600,3,320.0,775
-0.6,13,260427600,3,640.0,1420
-0.6,13,260427600,3,1280.0,2591
-0.6,13,260427600,3,2560.0,4916
-0.6,13,260427600,3,5120.0,10005
-0.6,14,260427601,4,320.0,733
-0.6,14,260427601,4,640.0,1344
-0.6,14,260427601,4,1280.0,2498
-0.6,14,260427601,4,2560.0,5023
-0.6,14,260427601,4,5120.0,9928
-0.6,15,260427602,0,320.0,633
-0.6,15,260427602,0,640.0,1225
-0.6,15,260427602,0,1280.0,2442
-0.6,15,260427602,0,2560.0,4810
-0.6,15,260427602,0,5120.0,9812
-0.6,16,260427603,1,320.0,760
-0.6,16,260427603,1,640.0,1380
-0.6,16,260427603,1,1280.0,2755
-0.6,16,260427603,1,2560.0,5173
-0.6,16,260427603,1,5120.0,10171
-0.6,17,260427604,2,320.0,727
-0.6,17,260427604,2,640.0,1292
-0.6,17,260427604,2,1280.0,2472
-0.6,17,260427604,2,2560.0,4939
-0.6,17,260427604,2,5120.0,9958
-0.6,18,260427605,3,320.0,873
-0.6,18,260427605,3,640.0,1433
-0.6,18,260427605,3,1280.0,2832
-0.6,18,260427605,3,2560.0,5123
-0.6,18,260427605,3,5120.0,9885
-0.6,19,260427606,4,320.0,817
-0.6,19,260427606,4,640.0,1381
-0.6,19,260427606,4,1280.0,2557
-0.6,19,260427606,4,2560.0,5188
-0.6,19,260427606,4,5120.0,10146
-0.6,20,260427607,0,320.0,741
-0.6,20,260427607,0,640.0,1305
-0.6,20,260427607,0,1280.0,2546
-0.6,20,260427607,0,2560.0,5141
-0.6,20,260427607,0,5120.0,9827
-0.6,21,260427608,1,320.0,786
-0.6,21,260427608,1,640.0,1436
-0.6,21,260427608,1,1280.0,2786
-0.6,21,260427608,1,2560.0,5220
-0.6,21,260427608,1,5120.0,10205
-0.6,22,260427609,2,320.0,688
-0.6,22,260427609,2,640.0,1334
-0.6,22,260427609,2,1280.0,2646
-0.6,22,260427609,2,2560.0,5123
-0.6,22,260427609,2,5120.0,10363
-0.6,23,260427610,3,320.0,721
-0.6,23,260427610,3,640.0,1359
-0.6,23,260427610,3,1280.0,2573
-0.6,23,260427610,3,2560.0,4988
-0.6,23,260427610,3,5120.0,9836
-0.6,24,260427611,4,320.0,749
-0.6,24,260427611,4,640.0,1374
-0.6,24,260427611,4,1280.0,2637
-0.6,24,260427611,4,2560.0,5043
-0.6,24,260427611,4,5120.0,9871
-0.6,25,260427612,0,320.0,714
-0.6,25,260427612,0,640.0,1310
-0.6,25,260427612,0,1280.0,2562
-0.6,25,260427612,0,2560.0,5113
-0.6,25,260427612,0,5120.0,10161
-0.6,26,260427613,1,320.0,754
-0.6,26,260427613,1,640.0,1431
-0.6,26,260427613,1,1280.0,2700
-0.6,26,260427613,1,2560.0,5179
-0.6,26,260427613,1,5120.0,10134
-0.6,27,260427614,2,320.0,758
-0.6,27,260427614,2,640.0,1382
-0.6,27,260427614,2,1280.0,2694
-0.6,27,260427614,2,2560.0,5029
-0.6,27,260427614,2,5120.0,10174
-0.6,28,260427615,3,320.0,730
-0.6,28,260427615,3,640.0,1303
-0.6,28,260427615,3,1280.0,2580
-0.6,28,260427615,3,2560.0,4981
-0.6,28,260427615,3,5120.0,10054
-0.6,29,260427616,4,320.0,660
-0.6,29,260427616,4,640.0,1343
-0.6,29,260427616,4,1280.0,2709
-0.6,29,260427616,4,2560.0,5149
-0.6,29,260427616,4,5120.0,10057
-0.6,30,260427617,0,320.0,749
-0.6,30,260427617,0,640.0,1441
-0.6,30,260427617,0,1280.0,2811
-0.6,30,260427617,0,2560.0,5275
-0.6,30,260427617,0,5120.0,9970
-0.6,31,260427618,1,320.0,751
-0.6,31,260427618,1,640.0,1348
-0.6,31,260427618,1,1280.0,2657
-0.6,31,260427618,1,2560.0,4890
-0.6,31,260427618,1,5120.0,9649
-0.6,32,260427619,2,320.0,719
-0.6,32,260427619,2,640.0,1288
-0.6,32,260427619,2,1280.0,2659
-0.6,32,260427619,2,2560.0,5019
-0.6,32,260427619,2,5120.0,9912
-0.6,33,260427620,3,320.0,728
-0.6,33,260427620,3,640.0,1341
-0.6,33,260427620,3,1280.0,2443
-0.6,33,260427620,3,2560.0,4889
-0.6,33,260427620,3,5120.0,9737
-0.6,34,260427621,4,320.0,777
-0.6,34,260427621,4,640.0,1354
-0.6,34,260427621,4,1280.0,2585
-0.6,34,260427621,4,2560.0,4902
-0.6,34,260427621,4,5120.0,9618
-0.6,35,260427622,0,320.0,777
-0.6,35,260427622,0,640.0,1366
-0.6,35,260427622,0,1280.0,2713
-0.6,35,260427622,0,2560.0,5210
-0.6,35,260427622,0,5120.0,10005
-0.6,36,260427623,1,320.0,731
-0.6,36,260427623,1,640.0,1431
-0.6,36,260427623,1,1280.0,2678
-0.6,36,260427623,1,2560.0,5173
-0.6,36,260427623,1,5120.0,10092
-0.6,37,260427624,2,320.0,801
-0.6,37,260427624,2,640.0,1430
-0.6,37,260427624,2,1280.0,2616
-0.6,37,260427624,2,2560.0,4911
-0.6,37,260427624,2,5120.0,9642
-0.6,38,260427625,3,320.0,828
-0.6,38,260427625,3,640.0,1524
-0.6,38,260427625,3,1280.0,2872
-0.6,38,260427625,3,2560.0,5329
-0.6,38,260427625,3,5120.0,10199
-0.6,39,260427626,4,320.0,812
-0.6,39,260427626,4,640.0,1461
-0.6,39,260427626,4,1280.0,2688
-0.6,39,260427626,4,2560.0,5116
-0.6,39,260427626,4,5120.0,9781
-0.6,40,260427627,0,320.0,801
-0.6,40,260427627,0,640.0,1456
-0.6,40,260427627,0,1280.0,2781
-0.6,40,260427627,0,2560.0,5273
-0.6,40,260427627,0,5120.0,10177
-0.6,41,260427628,1,320.0,769
-0.6,41,260427628,1,640.0,1375
-0.6,41,260427628,1,1280.0,2625
-0.6,41,260427628,1,2560.0,5074
-0.6,41,260427628,1,5120.0,10126
-0.6,42,260427629,2,320.0,718
-0.6,42,260427629,2,640.0,1389
-0.6,42,260427629,2,1280.0,2481
-0.6,42,260427629,2,2560.0,5157
-0.6,42,260427629,2,5120.0,10117
-0.6,43,260427630,3,320.0,790
-0.6,43,260427630,3,640.0,1429
-0.6,43,260427630,3,1280.0,2609
-0.6,43,260427630,3,2560.0,5214
-0.6,43,260427630,3,5120.0,10258
-0.6,44,260427631,4,320.0,722
-0.6,44,260427631,4,640.0,1287
-0.6,44,260427631,4,1280.0,2553
-0.6,44,260427631,4,2560.0,5152
-0.6,44,260427631,4,5120.0,10014
-0.6,45,260427632,0,320.0,803
-0.6,45,260427632,0,640.0,1413
-0.6,45,260427632,0,1280.0,2639
-0.6,45,260427632,0,2560.0,5084
-0.6,45,260427632,0,5120.0,10129
-0.6,46,260427633,1,320.0,708
-0.6,46,260427633,1,640.0,1308
-0.6,46,260427633,1,1280.0,2435
-0.6,46,260427633,1,2560.0,4875
-0.6,46,260427633,1,5120.0,9946
-0.6,47,260427634,2,320.0,846
-0.6,47,260427634,2,640.0,1426
-0.6,47,260427634,2,1280.0,2729
-0.6,47,260427634,2,2560.0,5120
-0.6,47,260427634,2,5120.0,9952
-0.6,48,260427635,3,320.0,748
-0.6,48,260427635,3,640.0,1321
-0.6,48,260427635,3,1280.0,2523
-0.6,48,260427635,3,2560.0,5141
-0.6,48,260427635,3,5120.0,9992
-0.6,49,260427636,4,320.0,825
-0.6,49,260427636,4,640.0,1539
-0.6,49,260427636,4,1280.0,2686
-0.6,49,260427636,4,2560.0,5340
-0.6,49,260427636,4,5120.0,10179
-0.6,50,260427637,0,320.0,733
-0.6,50,260427637,0,640.0,1350
-0.6,50,260427637,0,1280.0,2487
-0.6,50,260427637,0,2560.0,4959
-0.6,50,260427637,0,5120.0,9914
-0.6,51,260427638,1,320.0,691
-0.6,51,260427638,1,640.0,1427
-0.6,51,260427638,1,1280.0,2597
-0.6,51,260427638,1,2560.0,4990
-0.6,51,260427638,1,5120.0,9920
-0.6,52,260427639,2,320.0,767
-0.6,52,260427639,2,640.0,1430
-0.6,52,260427639,2,1280.0,2713
-0.6,52,260427639,2,2560.0,4994
-0.6,52,260427639,2,5120.0,9933
-0.6,53,260427640,3,320.0,786
-0.6,53,260427640,3,640.0,1536
-0.6,53,260427640,3,1280.0,2869
-0.6,53,260427640,3,2560.0,5234
-0.6,53,260427640,3,5120.0,10058
-0.6,54,260427641,4,320.0,884
-0.6,54,260427641,4,640.0,1460
-0.6,54,260427641,4,1280.0,2659
-0.6,54,260427641,4,2560.0,5187
-0.6,54,260427641,4,5120.0,10256
-0.6,55,260427642,0,320.0,730
-0.6,55,260427642,0,640.0,1338
-0.6,55,260427642,0,1280.0,2629
-0.6,55,260427642,0,2560.0,5131
-0.6,55,260427642,0,5120.0,9734
-0.6,56,260427643,1,320.0,638
-0.6,56,260427643,1,640.0,1257
-0.6,56,260427643,1,1280.0,2530
-0.6,56,260427643,1,2560.0,5203
-0.6,56,260427643,1,5120.0,10251
-0.6,57,260427644,2,320.0,825
-0.6,57,260427644,2,640.0,1565
-0.6,57,260427644,2,1280.0,2786
-0.6,57,260427644,2,2560.0,5230
-0.6,57,260427644,2,5120.0,10016
-0.6,58,260427645,3,320.0,851
-0.6,58,260427645,3,640.0,1418
-0.6,58,260427645,3,1280.0,2673
-0.6,58,260427645,3,2560.0,5187
-0.6,58,260427645,3,5120.0,10162
-0.6,59,260427646,4,320.0,683
-0.6,59,260427646,4,640.0,1365
-0.6,59,260427646,4,1280.0,2490
-0.6,59,260427646,4,2560.0,5025
-0.6,59,260427646,4,5120.0,10063
-0.6,60,260427647,0,320.0,750
-0.6,60,260427647,0,640.0,1409
-0.6,60,260427647,0,1280.0,2776
-0.6,60,260427647,0,2560.0,5312
-0.6,60,260427647,0,5120.0,10176
-0.6,61,260427648,1,320.0,783
-0.6,61,260427648,1,640.0,1400
-0.6,61,260427648,1,1280.0,2624
-0.6,61,260427648,1,2560.0,5127
-0.6,61,260427648,1,5120.0,10219
-0.6,62,260427649,2,320.0,732
-0.6,62,260427649,2,640.0,1397
-0.6,62,260427649,2,1280.0,2712
-0.6,62,260427649,2,2560.0,5055
-0.6,62,260427649,2,5120.0,10116
-0.6,63,260427650,3,320.0,755
-0.6,63,260427650,3,640.0,1447
-0.6,63,260427650,3,1280.0,2775
-0.6,63,260427650,3,2560.0,5500
-0.6,63,260427650,3,5120.0,10409
-0.6,64,260427651,4,320.0,784
-0.6,64,260427651,4,640.0,1384
-0.6,64,260427651,4,1280.0,2633
-0.6,64,260427651,4,2560.0,5107
-0.6,64,260427651,4,5120.0,9943
-0.6,65,260427652,0,320.0,694
-0.6,65,260427652,0,640.0,1284
-0.6,65,260427652,0,1280.0,2382
-0.6,65,260427652,0,2560.0,4707
-0.6,65,260427652,0,5120.0,9681
-0.6,66,260427653,1,320.0,771
-0.6,66,260427653,1,640.0,1400
-0.6,66,260427653,1,1280.0,2754
-0.6,66,260427653,1,2560.0,5219
-0.6,66,260427653,1,5120.0,10104
-0.6,67,260427654,2,320.0,797
-0.6,67,260427654,2,640.0,1439
-0.6,67,260427654,2,1280.0,2776
-0.6,67,260427654,2,2560.0,5156
-0.6,67,260427654,2,5120.0,10054
-0.6,68,260427655,3,320.0,752
-0.6,68,260427655,3,640.0,1319
-0.6,68,260427655,3,1280.0,2477
-0.6,68,260427655,3,2560.0,4983
-0.6,68,260427655,3,5120.0,9565
-0.6,69,260427656,4,320.0,814
-0.6,69,260427656,4,640.0,1408
-0.6,69,260427656,4,1280.0,2618
-0.6,69,260427656,4,2560.0,4963
-0.6,69,260427656,4,5120.0,10029
-0.6,70,260427657,0,320.0,760
-0.6,70,260427657,0,640.0,1415
-0.6,70,260427657,0,1280.0,2589
-0.6,70,260427657,0,2560.0,5045
-0.6,70,260427657,0,5120.0,9810
-0.6,71,260427658,1,320.0,722
-0.6,71,260427658,1,640.0,1404
-0.6,71,260427658,1,1280.0,2701
-0.6,71,260427658,1,2560.0,5224
-0.6,71,260427658,1,5120.0,9876
-0.6,72,260427659,2,320.0,778
-0.6,72,260427659,2,640.0,1288
-0.6,72,260427659,2,1280.0,2529
-0.6,72,260427659,2,2560.0,5081
-0.6,72,260427659,2,5120.0,9822
-0.6,73,260427660,3,320.0,644
-0.6,73,260427660,3,640.0,1295
-0.6,73,260427660,3,1280.0,2586
-0.6,73,260427660,3,2560.0,4895
-0.6,73,260427660,3,5120.0,9534
-0.6,74,260427661,4,320.0,746
-0.6,74,260427661,4,640.0,1547
-0.6,74,260427661,4,1280.0,2837
-0.6,74,260427661,4,2560.0,5107
-0.6,74,260427661,4,5120.0,10039
-0.6,75,260427662,0,320.0,792
-0.6,75,260427662,0,640.0,1461
-0.6,75,260427662,0,1280.0,2655
-0.6,75,260427662,0,2560.0,5106
-0.6,75,260427662,0,5120.0,10248
-0.6,76,260427663,1,320.0,774
-0.6,76,260427663,1,640.0,1371
-0.6,76,260427663,1,1280.0,2577
-0.6,76,260427663,1,2560.0,5202
-0.6,76,260427663,1,5120.0,9970
-0.6,77,260427664,2,320.0,820
-0.6,77,260427664,2,640.0,1491
-0.6,77,260427664,2,1280.0,2677
-0.6,77,260427664,2,2560.0,5278
-0.6,77,260427664,2,5120.0,10182
-0.6,78,260427665,3,320.0,743
-0.6,78,260427665,3,640.0,1362
-0.6,78,260427665,3,1280.0,2441
-0.6,78,260427665,3,2560.0,4873
-0.6,78,260427665,3,5120.0,9767
-0.6,79,260427666,4,320.0,750
-0.6,79,260427666,4,640.0,1496
-0.6,79,260427666,4,1280.0,2806
-0.6,79,260427666,4,2560.0,5306
-0.6,79,260427666,4,5120.0,10179
-0.6,80,260427667,0,320.0,719
-0.6,80,260427667,0,640.0,1366
-0.6,80,260427667,0,1280.0,2697
-0.6,80,260427667,0,2560.0,5070
-0.6,80,260427667,0,5120.0,10001
-0.6,81,260427668,1,320.0,785
-0.6,81,260427668,1,640.0,1450
-0.6,81,260427668,1,1280.0,2697
-0.6,81,260427668,1,2560.0,5064
-0.6,81,260427668,1,5120.0,9820
-0.6,82,260427669,2,320.0,716
-0.6,82,260427669,2,640.0,1395
-0.6,82,260427669,2,1280.0,2705
-0.6,82,260427669,2,2560.0,5151
-0.6,82,260427669,2,5120.0,10037
-0.6,83,260427670,3,320.0,779
-0.6,83,260427670,3,640.0,1413
-0.6,83,260427670,3,1280.0,2581
-0.6,83,260427670,3,2560.0,5100
-0.6,83,260427670,3,5120.0,9736
-0.6,84,260427671,4,320.0,804
-0.6,84,260427671,4,640.0,1419
-0.6,84,260427671,4,1280.0,2587
-0.6,84,260427671,4,2560.0,4838
-0.6,84,260427671,4,5120.0,9737
-0.6,85,260427672,0,320.0,728
-0.6,85,260427672,0,640.0,1382
-0.6,85,260427672,0,1280.0,2650
-0.6,85,260427672,0,2560.0,5130
-0.6,85,260427672,0,5120.0,10003
-0.6,86,260427673,1,320.0,680
-0.6,86,260427673,1,640.0,1283
-0.6,86,260427673,1,1280.0,2649
-0.6,86,260427673,1,2560.0,5169
-0.6,86,260427673,1,5120.0,9863
-0.6,87,260427674,2,320.0,772
-0.6,87,260427674,2,640.0,1467
-0.6,87,260427674,2,1280.0,2738
-0.6,87,260427674,2,2560.0,5297
-0.6,87,260427674,2,5120.0,10164
-0.6,88,260427675,3,320.0,812
-0.6,88,260427675,3,640.0,1396
-0.6,88,260427675,3,1280.0,2585
-0.6,88,260427675,3,2560.0,5108
-0.6,88,260427675,3,5120.0,9827
-0.6,89,260427676,4,320.0,765
-0.6,89,260427676,4,640.0,1339
-0.6,89,260427676,4,1280.0,2604
-0.6,89,260427676,4,2560.0,5054
-0.6,89,260427676,4,5120.0,9771
-0.6,90,260427677,0,320.0,733
-0.6,90,260427677,0,640.0,1442
-0.6,90,260427677,0,1280.0,2689
-0.6,90,260427677,0,2560.0,5271
-0.6,90,260427677,0,5120.0,10264
-0.6,91,260427678,1,320.0,742
-0.6,91,260427678,1,640.0,1397
-0.6,91,260427678,1,1280.0,2493
-0.6,91,260427678,1,2560.0,5025
-0.6,91,260427678,1,5120.0,9994
-0.6,92,260427679,2,320.0,808
-0.6,92,260427679,2,640.0,1432
-0.6,92,260427679,2,1280.0,2658
-0.6,92,260427679,2,2560.0,4945
-0.6,92,260427679,2,5120.0,9630
-0.6,93,260427680,3,320.0,796
-0.6,93,260427680,3,640.0,1464
-0.6,93,260427680,3,1280.0,2684
-0.6,93,260427680,3,2560.0,5037
-0.6,93,260427680,3,5120.0,9920
-0.6,94,260427681,4,320.0,755
-0.6,94,260427681,4,640.0,1405
-0.6,94,260427681,4,1280.0,2640
-0.6,94,260427681,4,2560.0,5301
-0.6,94,260427681,4,5120.0,10166
-0.6,95,260427682,0,320.0,766
-0.6,95,260427682,0,640.0,1492
-0.6,95,260427682,0,1280.0,2861
-0.6,95,260427682,0,2560.0,5293
-0.6,95,260427682,0,5120.0,10216
-0.6,96,260427683,1,320.0,777
-0.6,96,260427683,1,640.0,1369
-0.6,96,260427683,1,1280.0,2655
-0.6,96,260427683,1,2560.0,5151
-0.6,96,260427683,1,5120.0,9868
-0.6,97,260427684,2,320.0,789
-0.6,97,260427684,2,640.0,1350
-0.6,97,260427684,2,1280.0,2609
-0.6,97,260427684,2,2560.0,5045
-0.6,97,260427684,2,5120.0,9991
-0.6,98,260427685,3,320.0,761
-0.6,98,260427685,3,640.0,1472
-0.6,98,260427685,3,1280.0,2695
-0.6,98,260427685,3,2560.0,5020
-0.6,98,260427685,3,5120.0,9957
-0.6,99,260427686,4,320.0,702
-0.6,99,260427686,4,640.0,1366
-0.6,99,260427686,4,1280.0,2571
-0.6,99,260427686,4,2560.0,4951
-0.6,99,260427686,4,5120.0,9836
-0.6,100,260427687,0,320.0,740
-0.6,100,260427687,0,640.0,1337
-0.6,100,260427687,0,1280.0,2576
-0.6,100,260427687,0,2560.0,5123
-0.6,100,260427687,0,5120.0,10090
-0.6,101,260427688,1,320.0,772
-0.6,101,260427688,1,640.0,1446
-0.6,101,260427688,1,1280.0,2610
-0.6,101,260427688,1,2560.0,5218
-0.6,101,260427688,1,5120.0,10343
-0.6,102,260427689,2,320.0,777
-0.6,102,260427689,2,640.0,1379
-0.6,102,260427689,2,1280.0,2707
-0.6,102,260427689,2,2560.0,5293
-0.6,102,260427689,2,5120.0,10117
-0.6,103,260427690,3,320.0,800
-0.6,103,260427690,3,640.0,1472
-0.6,103,260427690,3,1280.0,2648
-0.6,103,260427690,3,2560.0,4980
-0.6,103,260427690,3,5120.0,9787
-0.6,104,260427691,4,320.0,736
-0.6,104,260427691,4,640.0,1286
-0.6,104,260427691,4,1280.0,2560
-0.6,104,260427691,4,2560.0,5063
-0.6,104,260427691,4,5120.0,9808
-0.6,105,260427692,0,320.0,811
-0.6,105,260427692,0,640.0,1449
-0.6,105,260427692,0,1280.0,2773
-0.6,105,260427692,0,2560.0,5283
-0.6,105,260427692,0,5120.0,10058
-0.6,106,260427693,1,320.0,669
-0.6,106,260427693,1,640.0,1263
-0.6,106,260427693,1,1280.0,2540
-0.6,106,260427693,1,2560.0,4993
-0.6,106,260427693,1,5120.0,9719
-0.6,107,260427694,2,320.0,685
-0.6,107,260427694,2,640.0,1335
-0.6,107,260427694,2,1280.0,2584
-0.6,107,260427694,2,2560.0,4980
-0.6,107,260427694,2,5120.0,9880
-0.6,108,260427695,3,320.0,767
-0.6,108,260427695,3,640.0,1447
-0.6,108,260427695,3,1280.0,2710
-0.6,108,260427695,3,2560.0,5024
-0.6,108,260427695,3,5120.0,9776
-0.6,109,260427696,4,320.0,785
-0.6,109,260427696,4,640.0,1371
-0.6,109,260427696,4,1280.0,2599
-0.6,109,260427696,4,2560.0,5089
-0.6,109,260427696,4,5120.0,10080
-0.6,110,260427697,0,320.0,772
-0.6,110,260427697,0,640.0,1496
-0.6,110,260427697,0,1280.0,2811
-0.6,110,260427697,0,2560.0,5330
-0.6,110,260427697,0,5120.0,10268
-0.6,111,260427698,1,320.0,699
-0.6,111,260427698,1,640.0,1312
-0.6,111,260427698,1,1280.0,2532
-0.6,111,260427698,1,2560.0,5044
-0.6,111,260427698,1,5120.0,10008
-0.6,112,260427699,2,320.0,764
-0.6,112,260427699,2,640.0,1487
-0.6,112,260427699,2,1280.0,2751
-0.6,112,260427699,2,2560.0,5335
-0.6,112,260427699,2,5120.0,10177
-0.6,113,260427700,3,320.0,740
-0.6,113,260427700,3,640.0,1310
-0.6,113,260427700,3,1280.0,2454
-0.6,113,260427700,3,2560.0,4949
-0.6,113,260427700,3,5120.0,9878
-0.6,114,260427701,4,320.0,663
-0.6,114,260427701,4,640.0,1339
-0.6,114,260427701,4,1280.0,2519
-0.6,114,260427701,4,2560.0,4900
-0.6,114,260427701,4,5120.0,9723
-0.6,115,260427702,0,320.0,619
-0.6,115,260427702,0,640.0,1332
-0.6,115,260427702,0,1280.0,2564
-0.6,115,260427702,0,2560.0,4997
-0.6,115,260427702,0,5120.0,10042
-0.6,116,260427703,1,320.0,666
-0.6,116,260427703,1,640.0,1299
-0.6,116,260427703,1,1280.0,2484
-0.6,116,260427703,1,2560.0,4901
-0.6,116,260427703,1,5120.0,9637
-0.6,117,260427704,2,320.0,747
-0.6,117,260427704,2,640.0,1330
-0.6,117,260427704,2,1280.0,2602
-0.6,117,260427704,2,2560.0,5039
-0.6,117,260427704,2,5120.0,10042
-0.6,118,260427705,3,320.0,785
-0.6,118,260427705,3,640.0,1541
-0.6,118,260427705,3,1280.0,2895
-0.6,118,260427705,3,2560.0,5455
-0.6,118,260427705,3,5120.0,10433
-0.6,119,260427706,4,320.0,821
-0.6,119,260427706,4,640.0,1374
-0.6,119,260427706,4,1280.0,2598
-0.6,119,260427706,4,2560.0,4972
-0.6,119,260427706,4,5120.0,9680
-0.6,120,260427707,0,320.0,842
-0.6,120,260427707,0,640.0,1390
-0.6,120,260427707,0,1280.0,2716
-0.6,120,260427707,0,2560.0,5263
-0.6,120,260427707,0,5120.0,10283
-0.6,121,260427708,1,320.0,734
-0.6,121,260427708,1,640.0,1367
-0.6,121,260427708,1,1280.0,2587
-0.6,121,260427708,1,2560.0,5087
-0.6,121,260427708,1,5120.0,9947
-0.6,122,260427709,2,320.0,731
-0.6,122,260427709,2,640.0,1322
-0.6,122,260427709,2,1280.0,2679
-0.6,122,260427709,2,2560.0,5207
-0.6,122,260427709,2,5120.0,10020
-0.6,123,260427710,3,320.0,867
-0.6,123,260427710,3,640.0,1480
-0.6,123,260427710,3,1280.0,2597
-0.6,123,260427710,3,2560.0,5064
-0.6,123,260427710,3,5120.0,10045
-0.6,124,260427711,4,320.0,606
-0.6,124,260427711,4,640.0,1299
-0.6,124,260427711,4,1280.0,2485
-0.6,124,260427711,4,2560.0,4970
-0.6,124,260427711,4,5120.0,9934
-0.6,125,260427712,0,320.0,784
-0.6,125,260427712,0,640.0,1380
-0.6,125,260427712,0,1280.0,2526
-0.6,125,260427712,0,2560.0,5082
-0.6,125,260427712,0,5120.0,10079
-0.6,126,260427713,1,320.0,721
-0.6,126,260427713,1,640.0,1419
-0.6,126,260427713,1,1280.0,2586
-0.6,126,260427713,1,2560.0,4986
-0.6,126,260427713,1,5120.0,9888
-0.6,127,260427714,2,320.0,776
-0.6,127,260427714,2,640.0,1461
-0.6,127,260427714,2,1280.0,2675
-0.6,127,260427714,2,2560.0,5179
-0.6,127,260427714,2,5120.0,10253
-0.4,0,260437587,0,320.0,1160
-0.4,0,260437587,0,640.0,2089
-0.4,0,260437587,0,1280.0,4360
-0.4,0,260437587,0,2560.0,7973
-0.4,0,260437587,0,5120.0,16079
-0.4,1,260437588,1,320.0,1280
-0.4,1,260437588,1,640.0,2350
-0.4,1,260437588,1,1280.0,4420
-0.4,1,260437588,1,2560.0,8592
-0.4,1,260437588,1,5120.0,16555
-0.4,2,260437589,2,320.0,1325
-0.4,2,260437589,2,640.0,2329
-0.4,2,260437589,2,1280.0,4223
-0.4,2,260437589,2,2560.0,8051
-0.4,2,260437589,2,5120.0,16017
-0.4,3,260437590,3,320.0,1318
-0.4,3,260437590,3,640.0,2226
-0.4,3,260437590,3,1280.0,4126
-0.4,3,260437590,3,2560.0,8007
-0.4,3,260437590,3,5120.0,15926
-0.4,4,260437591,4,320.0,1220
-0.4,4,260437591,4,640.0,2138
-0.4,4,260437591,4,1280.0,4241
-0.4,4,260437591,4,2560.0,8138
-0.4,4,260437591,4,5120.0,15706
-0.4,5,260437592,0,320.0,1155
-0.4,5,260437592,0,640.0,2124
-0.4,5,260437592,0,1280.0,4075
-0.4,5,260437592,0,2560.0,7842
-0.4,5,260437592,0,5120.0,15632
-0.4,6,260437593,1,320.0,1299
-0.4,6,260437593,1,640.0,2194
-0.4,6,260437593,1,1280.0,4094
-0.4,6,260437593,1,2560.0,7857
-0.4,6,260437593,1,5120.0,15741
-0.4,7,260437594,2,320.0,1236
-0.4,7,260437594,2,640.0,2313
-0.4,7,260437594,2,1280.0,4484
-0.4,7,260437594,2,2560.0,8388
-0.4,7,260437594,2,5120.0,15978
-0.4,8,260437595,3,320.0,1414
-0.4,8,260437595,3,640.0,2572
-0.4,8,260437595,3,1280.0,4518
-0.4,8,260437595,3,2560.0,8446
-0.4,8,260437595,3,5120.0,16294
-0.4,9,260437596,4,320.0,1170
-0.4,9,260437596,4,640.0,2154
-0.4,9,260437596,4,1280.0,3968
-0.4,9,260437596,4,2560.0,8155
-0.4,9,260437596,4,5120.0,15966
-0.4,10,260437597,0,320.0,1215
-0.4,10,260437597,0,640.0,2163
-0.4,10,260437597,0,1280.0,4475
-0.4,10,260437597,0,2560.0,8490
-0.4,10,260437597,0,5120.0,16209
-0.4,11,260437598,1,320.0,1416
-0.4,11,260437598,1,640.0,2551
-0.4,11,260437598,1,1280.0,4426
-0.4,11,260437598,1,2560.0,8206
-0.4,11,260437598,1,5120.0,15973
-0.4,12,260437599,2,320.0,1172
-0.4,12,260437599,2,640.0,2110
-0.4,12,260437599,2,1280.0,3988
-0.4,12,260437599,2,2560.0,7790
-0.4,12,260437599,2,5120.0,15516
-0.4,13,260437600,3,320.0,1160
-0.4,13,260437600,3,640.0,2260
-0.4,13,260437600,3,1280.0,4299
-0.4,13,260437600,3,2560.0,8391
-0.4,13,260437600,3,5120.0,16287
-0.4,14,260437601,4,320.0,1275
-0.4,14,260437601,4,640.0,2305
-0.4,14,260437601,4,1280.0,4131
-0.4,14,260437601,4,2560.0,8041
-0.4,14,260437601,4,5120.0,15812
-0.4,15,260437602,0,320.0,1027
-0.4,15,260437602,0,640.0,2209
-0.4,15,260437602,0,1280.0,4116
-0.4,15,260437602,0,2560.0,7930
-0.4,15,260437602,0,5120.0,15528
-0.4,16,260437603,1,320.0,1132
-0.4,16,260437603,1,640.0,2012
-0.4,16,260437603,1,1280.0,3947
-0.4,16,260437603,1,2560.0,8196
-0.4,16,260437603,1,5120.0,15944
-0.4,17,260437604,2,320.0,1029
-0.4,17,260437604,2,640.0,1972
-0.4,17,260437604,2,1280.0,4072
-0.4,17,260437604,2,2560.0,8104
-0.4,17,260437604,2,5120.0,16038
-0.4,18,260437605,3,320.0,1023
-0.4,18,260437605,3,640.0,2098
-0.4,18,260437605,3,1280.0,4116
-0.4,18,260437605,3,2560.0,8037
-0.4,18,260437605,3,5120.0,15644
-0.4,19,260437606,4,320.0,974
-0.4,19,260437606,4,640.0,2104
-0.4,19,260437606,4,1280.0,4005
-0.4,19,260437606,4,2560.0,7591
-0.4,19,260437606,4,5120.0,15101
-0.4,20,260437607,0,320.0,1202
-0.4,20,260437607,0,640.0,2164
-0.4,20,260437607,0,1280.0,3901
-0.4,20,260437607,0,2560.0,7779
-0.4,20,260437607,0,5120.0,15566
-0.4,21,260437608,1,320.0,1239
-0.4,21,260437608,1,640.0,2383
-0.4,21,260437608,1,1280.0,4609
-0.4,21,260437608,1,2560.0,8493
-0.4,21,260437608,1,5120.0,16343
-0.4,22,260437609,2,320.0,1154
-0.4,22,260437609,2,640.0,2015
-0.4,22,260437609,2,1280.0,4286
-0.4,22,260437609,2,2560.0,8121
-0.4,22,260437609,2,5120.0,16074
-0.4,23,260437610,3,320.0,1275
-0.4,23,260437610,3,640.0,2257
-0.4,23,260437610,3,1280.0,4645
-0.4,23,260437610,3,2560.0,8637
-0.4,23,260437610,3,5120.0,16411
-0.4,24,260437611,4,320.0,1260
-0.4,24,260437611,4,640.0,2223
-0.4,24,260437611,4,1280.0,3977
-0.4,24,260437611,4,2560.0,8213
-0.4,24,260437611,4,5120.0,15884
-0.4,25,260437612,0,320.0,1482
-0.4,25,260437612,0,640.0,2664
-0.4,25,260437612,0,1280.0,4769
-0.4,25,260437612,0,2560.0,8785
-0.4,25,260437612,0,5120.0,16431
-0.4,26,260437613,1,320.0,1325
-0.4,26,260437613,1,640.0,2344
-0.4,26,260437613,1,1280.0,4466
-0.4,26,260437613,1,2560.0,8388
-0.4,26,260437613,1,5120.0,16028
-0.4,27,260437614,2,320.0,1119
-0.4,27,260437614,2,640.0,2005
-0.4,27,260437614,2,1280.0,4027
-0.4,27,260437614,2,2560.0,8078
-0.4,27,260437614,2,5120.0,15882
-0.4,28,260437615,3,320.0,1278
-0.4,28,260437615,3,640.0,2133
-0.4,28,260437615,3,1280.0,4195
-0.4,28,260437615,3,2560.0,8244
-0.4,28,260437615,3,5120.0,15751
-0.4,29,260437616,4,320.0,1138
-0.4,29,260437616,4,640.0,2128
-0.4,29,260437616,4,1280.0,4129
-0.4,29,260437616,4,2560.0,7669
-0.4,29,260437616,4,5120.0,15801
-0.4,30,260437617,0,320.0,1152
-0.4,30,260437617,0,640.0,2118
-0.4,30,260437617,0,1280.0,4258
-0.4,30,260437617,0,2560.0,8105
-0.4,30,260437617,0,5120.0,15865
-0.4,31,260437618,1,320.0,1115
-0.4,31,260437618,1,640.0,2127
-0.4,31,260437618,1,1280.0,4062
-0.4,31,260437618,1,2560.0,7871
-0.4,31,260437618,1,5120.0,15437
-0.4,32,260437619,2,320.0,1364
-0.4,32,260437619,2,640.0,2307
-0.4,32,260437619,2,1280.0,4252
-0.4,32,260437619,2,2560.0,8369
-0.4,32,260437619,2,5120.0,15774
-0.4,33,260437620,3,320.0,1222
-0.4,33,260437620,3,640.0,2210
-0.4,33,260437620,3,1280.0,4134
-0.4,33,260437620,3,2560.0,7996
-0.4,33,260437620,3,5120.0,15546
-0.4,34,260437621,4,320.0,1281
-0.4,34,260437621,4,640.0,2277
-0.4,34,260437621,4,1280.0,4226
-0.4,34,260437621,4,2560.0,8339
-0.4,34,260437621,4,5120.0,16166
-0.4,35,260437622,0,320.0,1213
-0.4,35,260437622,0,640.0,2256
-0.4,35,260437622,0,1280.0,4345
-0.4,35,260437622,0,2560.0,8224
-0.4,35,260437622,0,5120.0,15685
-0.4,36,260437623,1,320.0,1318
-0.4,36,260437623,1,640.0,2343
-0.4,36,260437623,1,1280.0,4381
-0.4,36,260437623,1,2560.0,8125
-0.4,36,260437623,1,5120.0,16234
-0.4,37,260437624,2,320.0,1189
-0.4,37,260437624,2,640.0,2151
-0.4,37,260437624,2,1280.0,4123
-0.4,37,260437624,2,2560.0,8011
-0.4,37,260437624,2,5120.0,15680
-0.4,38,260437625,3,320.0,1179
-0.4,38,260437625,3,640.0,2142
-0.4,38,260437625,3,1280.0,4167
-0.4,38,260437625,3,2560.0,8258
-0.4,38,260437625,3,5120.0,16086
-0.4,39,260437626,4,320.0,1145
-0.4,39,260437626,4,640.0,2151
-0.4,39,260437626,4,1280.0,4133
-0.4,39,260437626,4,2560.0,7807
-0.4,39,260437626,4,5120.0,15460
-0.4,40,260437627,0,320.0,1244
-0.4,40,260437627,0,640.0,2232
-0.4,40,260437627,0,1280.0,3943
-0.4,40,260437627,0,2560.0,7726
-0.4,40,260437627,0,5120.0,15550
-0.4,41,260437628,1,320.0,1206
-0.4,41,260437628,1,640.0,2134
-0.4,41,260437628,1,1280.0,4159
-0.4,41,260437628,1,2560.0,8142
-0.4,41,260437628,1,5120.0,16073
-0.4,42,260437629,2,320.0,1177
-0.4,42,260437629,2,640.0,2172
-0.4,42,260437629,2,1280.0,4086
-0.4,42,260437629,2,2560.0,7916
-0.4,42,260437629,2,5120.0,16045
-0.4,43,260437630,3,320.0,1163
-0.4,43,260437630,3,640.0,2272
-0.4,43,260437630,3,1280.0,4324
-0.4,43,260437630,3,2560.0,8036
-0.4,43,260437630,3,5120.0,15987
-0.4,44,260437631,4,320.0,1510
-0.4,44,260437631,4,640.0,2437
-0.4,44,260437631,4,1280.0,4279
-0.4,44,260437631,4,2560.0,8082
-0.4,44,260437631,4,5120.0,16448
-0.4,45,260437632,0,320.0,1088
-0.4,45,260437632,0,640.0,2097
-0.4,45,260437632,0,1280.0,4032
-0.4,45,260437632,0,2560.0,7869
-0.4,45,260437632,0,5120.0,15749
-0.4,46,260437633,1,320.0,1105
-0.4,46,260437633,1,640.0,2125
-0.4,46,260437633,1,1280.0,4093
-0.4,46,260437633,1,2560.0,7735
-0.4,46,260437633,1,5120.0,15332
-0.4,47,260437634,2,320.0,1122
-0.4,47,260437634,2,640.0,2012
-0.4,47,260437634,2,1280.0,3925
-0.4,47,260437634,2,2560.0,7760
-0.4,47,260437634,2,5120.0,15647
-0.4,48,260437635,3,320.0,1360
-0.4,48,260437635,3,640.0,2442
-0.4,48,260437635,3,1280.0,4402
-0.4,48,260437635,3,2560.0,8384
-0.4,48,260437635,3,5120.0,16372
-0.4,49,260437636,4,320.0,1245
-0.4,49,260437636,4,640.0,2227
-0.4,49,260437636,4,1280.0,4208
-0.4,49,260437636,4,2560.0,8524
-0.4,49,260437636,4,5120.0,15923
-0.4,50,260437637,0,320.0,1313
-0.4,50,260437637,0,640.0,2134
-0.4,50,260437637,0,1280.0,3991
-0.4,50,260437637,0,2560.0,7925
-0.4,50,260437637,0,5120.0,16281
-0.4,51,260437638,1,320.0,1188
-0.4,51,260437638,1,640.0,2080
-0.4,51,260437638,1,1280.0,4011
-0.4,51,260437638,1,2560.0,7641
-0.4,51,260437638,1,5120.0,14984
-0.4,52,260437639,2,320.0,1338
-0.4,52,260437639,2,640.0,2318
-0.4,52,260437639,2,1280.0,4417
-0.4,52,260437639,2,2560.0,8650
-0.4,52,260437639,2,5120.0,16227
-0.4,53,260437640,3,320.0,1208
-0.4,53,260437640,3,640.0,2112
-0.4,53,260437640,3,1280.0,4351
-0.4,53,260437640,3,2560.0,8243
-0.4,53,260437640,3,5120.0,16035
-0.4,54,260437641,4,320.0,1288
-0.4,54,260437641,4,640.0,2377
-0.4,54,260437641,4,1280.0,4319
-0.4,54,260437641,4,2560.0,8260
-0.4,54,260437641,4,5120.0,16116
-0.4,55,260437642,0,320.0,1197
-0.4,55,260437642,0,640.0,2264
-0.4,55,260437642,0,1280.0,4105
-0.4,55,260437642,0,2560.0,7815
-0.4,55,260437642,0,5120.0,15282
-0.4,56,260437643,1,320.0,1405
-0.4,56,260437643,1,640.0,2339
-0.4,56,260437643,1,1280.0,4258
-0.4,56,260437643,1,2560.0,8155
-0.4,56,260437643,1,5120.0,16090
-0.4,57,260437644,2,320.0,1255
-0.4,57,260437644,2,640.0,2156
-0.4,57,260437644,2,1280.0,4139
-0.4,57,260437644,2,2560.0,7914
-0.4,57,260437644,2,5120.0,15247
-0.4,58,260437645,3,320.0,1325
-0.4,58,260437645,3,640.0,2307
-0.4,58,260437645,3,1280.0,4218
-0.4,58,260437645,3,2560.0,8109
-0.4,58,260437645,3,5120.0,15999
-0.4,59,260437646,4,320.0,1193
-0.4,59,260437646,4,640.0,2155
-0.4,59,260437646,4,1280.0,4195
-0.4,59,260437646,4,2560.0,8119
-0.4,59,260437646,4,5120.0,15931
-0.4,60,260437647,0,320.0,1156
-0.4,60,260437647,0,640.0,2323
-0.4,60,260437647,0,1280.0,4373
-0.4,60,260437647,0,2560.0,8146
-0.4,60,260437647,0,5120.0,15533
-0.4,61,260437648,1,320.0,1121
-0.4,61,260437648,1,640.0,2292
-0.4,61,260437648,1,1280.0,4400
-0.4,61,260437648,1,2560.0,8451
-0.4,61,260437648,1,5120.0,16709
-0.4,62,260437649,2,320.0,1092
-0.4,62,260437649,2,640.0,2132
-0.4,62,260437649,2,1280.0,4304
-0.4,62,260437649,2,2560.0,8362
-0.4,62,260437649,2,5120.0,16675
-0.4,63,260437650,3,320.0,1258
-0.4,63,260437650,3,640.0,2244
-0.4,63,260437650,3,1280.0,4237
-0.4,63,260437650,3,2560.0,8043
-0.4,63,260437650,3,5120.0,15826
-0.4,64,260437651,4,320.0,1352
-0.4,64,260437651,4,640.0,2321
-0.4,64,260437651,4,1280.0,4224
-0.4,64,260437651,4,2560.0,8250
-0.4,64,260437651,4,5120.0,15517
-0.4,65,260437652,0,320.0,1375
-0.4,65,260437652,0,640.0,2452
-0.4,65,260437652,0,1280.0,4651
-0.4,65,260437652,0,2560.0,8548
-0.4,65,260437652,0,5120.0,16030
-0.4,66,260437653,1,320.0,1344
-0.4,66,260437653,1,640.0,2412
-0.4,66,260437653,1,1280.0,4486
-0.4,66,260437653,1,2560.0,8309
-0.4,66,260437653,1,5120.0,15864
-0.4,67,260437654,2,320.0,1270
-0.4,67,260437654,2,640.0,2266
-0.4,67,260437654,2,1280.0,4214
-0.4,67,260437654,2,2560.0,8033
-0.4,67,260437654,2,5120.0,15561
-0.4,68,260437655,3,320.0,1118
-0.4,68,260437655,3,640.0,2082
-0.4,68,260437655,3,1280.0,4000
-0.4,68,260437655,3,2560.0,7829
-0.4,68,260437655,3,5120.0,15434
-0.4,69,260437656,4,320.0,1120
-0.4,69,260437656,4,640.0,2138
-0.4,69,260437656,4,1280.0,3988
-0.4,69,260437656,4,2560.0,7836
-0.4,69,260437656,4,5120.0,15331
-0.4,70,260437657,0,320.0,1319
-0.4,70,260437657,0,640.0,2243
-0.4,70,260437657,0,1280.0,4430
-0.4,70,260437657,0,2560.0,8360
-0.4,70,260437657,0,5120.0,16155
-0.4,71,260437658,1,320.0,1251
-0.4,71,260437658,1,640.0,2271
-0.4,71,260437658,1,1280.0,4451
-0.4,71,260437658,1,2560.0,8056
-0.4,71,260437658,1,5120.0,15836
-0.4,72,260437659,2,320.0,1246
-0.4,72,260437659,2,640.0,2239
-0.4,72,260437659,2,1280.0,4358
-0.4,72,260437659,2,2560.0,8093
-0.4,72,260437659,2,5120.0,16128
-0.4,73,260437660,3,320.0,1420
-0.4,73,260437660,3,640.0,2506
-0.4,73,260437660,3,1280.0,4296
-0.4,73,260437660,3,2560.0,8153
-0.4,73,260437660,3,5120.0,15852
-0.4,74,260437661,4,320.0,1078
-0.4,74,260437661,4,640.0,2204
-0.4,74,260437661,4,1280.0,4445
-0.4,74,260437661,4,2560.0,8170
-0.4,74,260437661,4,5120.0,16154
-0.4,75,260437662,0,320.0,1147
-0.4,75,260437662,0,640.0,2405
-0.4,75,260437662,0,1280.0,4476
-0.4,75,260437662,0,2560.0,8306
-0.4,75,260437662,0,5120.0,16054
-0.4,76,260437663,1,320.0,1300
-0.4,76,260437663,1,640.0,2349
-0.4,76,260437663,1,1280.0,4502
-0.4,76,260437663,1,2560.0,8498
-0.4,76,260437663,1,5120.0,16327
-0.4,77,260437664,2,320.0,1010
-0.4,77,260437664,2,640.0,2070
-0.4,77,260437664,2,1280.0,4155
-0.4,77,260437664,2,2560.0,8057
-0.4,77,260437664,2,5120.0,15850
-0.4,78,260437665,3,320.0,1186
-0.4,78,260437665,3,640.0,2268
-0.4,78,260437665,3,1280.0,4239
-0.4,78,260437665,3,2560.0,8159
-0.4,78,260437665,3,5120.0,15726
-0.4,79,260437666,4,320.0,1250
-0.4,79,260437666,4,640.0,2300
-0.4,79,260437666,4,1280.0,4462
-0.4,79,260437666,4,2560.0,8574
-0.4,79,260437666,4,5120.0,16435
-0.4,80,260437667,0,320.0,1521
-0.4,80,260437667,0,640.0,2367
-0.4,80,260437667,0,1280.0,4385
-0.4,80,260437667,0,2560.0,8457
-0.4,80,260437667,0,5120.0,16102
-0.4,81,260437668,1,320.0,1120
-0.4,81,260437668,1,640.0,2211
-0.4,81,260437668,1,1280.0,4251
-0.4,81,260437668,1,2560.0,8290
-0.4,81,260437668,1,5120.0,16100
-0.4,82,260437669,2,320.0,1208
-0.4,82,260437669,2,640.0,2355
-0.4,82,260437669,2,1280.0,4454
-0.4,82,260437669,2,2560.0,8299
-0.4,82,260437669,2,5120.0,15992
-0.4,83,260437670,3,320.0,1153
-0.4,83,260437670,3,640.0,2145
-0.4,83,260437670,3,1280.0,4114
-0.4,83,260437670,3,2560.0,7994
-0.4,83,260437670,3,5120.0,15866
-0.4,84,260437671,4,320.0,1157
-0.4,84,260437671,4,640.0,2144
-0.4,84,260437671,4,1280.0,3984
-0.4,84,260437671,4,2560.0,8019
-0.4,84,260437671,4,5120.0,15227
-0.4,85,260437672,0,320.0,1247
-0.4,85,260437672,0,640.0,2237
-0.4,85,260437672,0,1280.0,4152
-0.4,85,260437672,0,2560.0,8465
-0.4,85,260437672,0,5120.0,16431
-0.4,86,260437673,1,320.0,1351
-0.4,86,260437673,1,640.0,2383
-0.4,86,260437673,1,1280.0,4294
-0.4,86,260437673,1,2560.0,8199
-0.4,86,260437673,1,5120.0,15818
-0.4,87,260437674,2,320.0,1062
-0.4,87,260437674,2,640.0,2033
-0.4,87,260437674,2,1280.0,3880
-0.4,87,260437674,2,2560.0,7791
-0.4,87,260437674,2,5120.0,15603
-0.4,88,260437675,3,320.0,1280
-0.4,88,260437675,3,640.0,2393
-0.4,88,260437675,3,1280.0,4223
-0.4,88,260437675,3,2560.0,8164
-0.4,88,260437675,3,5120.0,15602
-0.4,89,260437676,4,320.0,1271
-0.4,89,260437676,4,640.0,2169
-0.4,89,260437676,4,1280.0,4255
-0.4,89,260437676,4,2560.0,8331
-0.4,89,260437676,4,5120.0,16031
-0.4,90,260437677,0,320.0,1105
-0.4,90,260437677,0,640.0,2054
-0.4,90,260437677,0,1280.0,4029
-0.4,90,260437677,0,2560.0,8108
-0.4,90,260437677,0,5120.0,15713
-0.4,91,260437678,1,320.0,1290
-0.4,91,260437678,1,640.0,2280
-0.4,91,260437678,1,1280.0,4363
-0.4,91,260437678,1,2560.0,8315
-0.4,91,260437678,1,5120.0,16486
-0.4,92,260437679,2,320.0,1088
-0.4,92,260437679,2,640.0,2092
-0.4,92,260437679,2,1280.0,4388
-0.4,92,260437679,2,2560.0,8270
-0.4,92,260437679,2,5120.0,16113
-0.4,93,260437680,3,320.0,1303
-0.4,93,260437680,3,640.0,2296
-0.4,93,260437680,3,1280.0,4470
-0.4,93,260437680,3,2560.0,8364
-0.4,93,260437680,3,5120.0,16582
-0.4,94,260437681,4,320.0,1385
-0.4,94,260437681,4,640.0,2413
-0.4,94,260437681,4,1280.0,4200
-0.4,94,260437681,4,2560.0,8103
-0.4,94,260437681,4,5120.0,15899
-0.4,95,260437682,0,320.0,1157
-0.4,95,260437682,0,640.0,2241
-0.4,95,260437682,0,1280.0,4301
-0.4,95,260437682,0,2560.0,8063
-0.4,95,260437682,0,5120.0,15405
-0.4,96,260437683,1,320.0,1308
-0.4,96,260437683,1,640.0,2252
-0.4,96,260437683,1,1280.0,4285
-0.4,96,260437683,1,2560.0,8025
-0.4,96,260437683,1,5120.0,15552
-0.4,97,260437684,2,320.0,1243
-0.4,97,260437684,2,640.0,2406
-0.4,97,260437684,2,1280.0,4339
-0.4,97,260437684,2,2560.0,8096
-0.4,97,260437684,2,5120.0,15903
-0.4,98,260437685,3,320.0,1189
-0.4,98,260437685,3,640.0,2287
-0.4,98,260437685,3,1280.0,4478
-0.4,98,260437685,3,2560.0,8350
-0.4,98,260437685,3,5120.0,16372
-0.4,99,260437686,4,320.0,1393
-0.4,99,260437686,4,640.0,2425
-0.4,99,260437686,4,1280.0,4512
-0.4,99,260437686,4,2560.0,8518
-0.4,99,260437686,4,5120.0,15898
-0.4,100,260437687,0,320.0,1411
-0.4,100,260437687,0,640.0,2362
-0.4,100,260437687,0,1280.0,4355
-0.4,100,260437687,0,2560.0,8276
-0.4,100,260437687,0,5120.0,15634
-0.4,101,260437688,1,320.0,1317
-0.4,101,260437688,1,640.0,2499
-0.4,101,260437688,1,1280.0,4402
-0.4,101,260437688,1,2560.0,8299
-0.4,101,260437688,1,5120.0,16082
-0.4,102,260437689,2,320.0,1351
-0.4,102,260437689,2,640.0,2344
-0.4,102,260437689,2,1280.0,4221
-0.4,102,260437689,2,2560.0,8093
-0.4,102,260437689,2,5120.0,16122
-0.4,103,260437690,3,320.0,1175
-0.4,103,260437690,3,640.0,2171
-0.4,103,260437690,3,1280.0,4413
-0.4,103,260437690,3,2560.0,8501
-0.4,103,260437690,3,5120.0,16491
-0.4,104,260437691,4,320.0,1238
-0.4,104,260437691,4,640.0,2336
-0.4,104,260437691,4,1280.0,4313
-0.4,104,260437691,4,2560.0,8238
-0.4,104,260437691,4,5120.0,15579
-0.4,105,260437692,0,320.0,1348
-0.4,105,260437692,0,640.0,2447
-0.4,105,260437692,0,1280.0,4411
-0.4,105,260437692,0,2560.0,8068
-0.4,105,260437692,0,5120.0,15894
-0.4,106,260437693,1,320.0,1057
-0.4,106,260437693,1,640.0,1823
-0.4,106,260437693,1,1280.0,3767
-0.4,106,260437693,1,2560.0,7958
-0.4,106,260437693,1,5120.0,16255
-0.4,107,260437694,2,320.0,1200
-0.4,107,260437694,2,640.0,2239
-0.4,107,260437694,2,1280.0,4229
-0.4,107,260437694,2,2560.0,8169
-0.4,107,260437694,2,5120.0,15789
-0.4,108,260437695,3,320.0,1119
-0.4,108,260437695,3,640.0,2043
-0.4,108,260437695,3,1280.0,3906
-0.4,108,260437695,3,2560.0,7728
-0.4,108,260437695,3,5120.0,15776
-0.4,109,260437696,4,320.0,1322
-0.4,109,260437696,4,640.0,2238
-0.4,109,260437696,4,1280.0,4307
-0.4,109,260437696,4,2560.0,8074
-0.4,109,260437696,4,5120.0,15402
-0.4,110,260437697,0,320.0,1213
-0.4,110,260437697,0,640.0,2220
-0.4,110,260437697,0,1280.0,4287
-0.4,110,260437697,0,2560.0,7876
-0.4,110,260437697,0,5120.0,15705
-0.4,111,260437698,1,320.0,1334
-0.4,111,260437698,1,640.0,2391
-0.4,111,260437698,1,1280.0,4308
-0.4,111,260437698,1,2560.0,8217
-0.4,111,260437698,1,5120.0,16136
-0.4,112,260437699,2,320.0,1201
-0.4,112,260437699,2,640.0,2191
-0.4,112,260437699,2,1280.0,4120
-0.4,112,260437699,2,2560.0,8101
-0.4,112,260437699,2,5120.0,15677
-0.4,113,260437700,3,320.0,1300
-0.4,113,260437700,3,640.0,2286
-0.4,113,260437700,3,1280.0,4305
-0.4,113,260437700,3,2560.0,7964
-0.4,113,260437700,3,5120.0,15473
-0.4,114,260437701,4,320.0,1278
-0.4,114,260437701,4,640.0,2390
-0.4,114,260437701,4,1280.0,4323
-0.4,114,260437701,4,2560.0,8338
-0.4,114,260437701,4,5120.0,15943
-0.4,115,260437702,0,320.0,1074
-0.4,115,260437702,0,640.0,2111
-0.4,115,260437702,0,1280.0,4244
-0.4,115,260437702,0,2560.0,8220
-0.4,115,260437702,0,5120.0,15494
-0.4,116,260437703,1,320.0,1279
-0.4,116,260437703,1,640.0,2191
-0.4,116,260437703,1,1280.0,4120
-0.4,116,260437703,1,2560.0,7861
-0.4,116,260437703,1,5120.0,15584
-0.4,117,260437704,2,320.0,1374
-0.4,117,260437704,2,640.0,2248
-0.4,117,260437704,2,1280.0,4117
-0.4,117,260437704,2,2560.0,7976
-0.4,117,260437704,2,5120.0,15657
-0.4,118,260437705,3,320.0,1351
-0.4,118,260437705,3,640.0,2411
-0.4,118,260437705,3,1280.0,4522
-0.4,118,260437705,3,2560.0,8439
-0.4,118,260437705,3,5120.0,16319
-0.4,119,260437706,4,320.0,1194
-0.4,119,260437706,4,640.0,2202
-0.4,119,260437706,4,1280.0,4104
-0.4,119,260437706,4,2560.0,7976
-0.4,119,260437706,4,5120.0,15498
-0.4,120,260437707,0,320.0,1229
-0.4,120,260437707,0,640.0,2173
-0.4,120,260437707,0,1280.0,4064
-0.4,120,260437707,0,2560.0,8200
-0.4,120,260437707,0,5120.0,16114
-0.4,121,260437708,1,320.0,1257
-0.4,121,260437708,1,640.0,2317
-0.4,121,260437708,1,1280.0,4383
-0.4,121,260437708,1,2560.0,8424
-0.4,121,260437708,1,5120.0,15809
-0.4,122,260437709,2,320.0,1262
-0.4,122,260437709,2,640.0,2311
-0.4,122,260437709,2,1280.0,4545
-0.4,122,260437709,2,2560.0,8068
-0.4,122,260437709,2,5120.0,16124
-0.4,123,260437710,3,320.0,1116
-0.4,123,260437710,3,640.0,2151
-0.4,123,260437710,3,1280.0,4040
-0.4,123,260437710,3,2560.0,8118
-0.4,123,260437710,3,5120.0,15416
-0.4,124,260437711,4,320.0,1321
-0.4,124,260437711,4,640.0,2389
-0.4,124,260437711,4,1280.0,4160
-0.4,124,260437711,4,2560.0,8380
-0.4,124,260437711,4,5120.0,16086
-0.4,125,260437712,0,320.0,1085
-0.4,125,260437712,0,640.0,2094
-0.4,125,260437712,0,1280.0,4070
-0.4,125,260437712,0,2560.0,8346
-0.4,125,260437712,0,5120.0,16343
-0.4,126,260437713,1,320.0,1155
-0.4,126,260437713,1,640.0,2137
-0.4,126,260437713,1,1280.0,4159
-0.4,126,260437713,1,2560.0,7909
-0.4,126,260437713,1,5120.0,15601
-0.4,127,260437714,2,320.0,1193
-0.4,127,260437714,2,640.0,2252
-0.4,127,260437714,2,1280.0,4225
-0.4,127,260437714,2,2560.0,8129
-0.4,127,260437714,2,5120.0,15970
