states,family,checkpoint,active_rows,production_L_t,cleanroom_L_t,absolute_L_t_error,production_theta,cleanroom_theta,production_beta_t,cleanroom_beta_t,absolute_beta_error,empirical_kernel_max_error,production_stop,cleanroom_stop
5,dense,1,1,2.7001400845362324,2.700140084536235,2.6645352591003757e-15,0.35,0.35,23.88830647881083,23.88830647881083,0.0,0.0,False,False
5,dense,2,2,4.054527143182343,4.054527143182347,4.440892098500626e-15,0.35,0.35,24.780880684067668,24.780880684067668,0.0,0.0,False,False
5,dense,5,3,7.076595244039794,7.0765952440398,6.217248937900877e-15,0.35,0.35,27.01934383580936,27.01934383580936,0.0,0.0,False,False
5,dense,10,4,11.529096703123585,11.52909670312361,2.4868995751603507e-14,0.35,0.35,30.067904043996947,30.067904043996947,0.0,0.0,False,False
5,dense,20,4,11.643927956404479,11.643927956404527,4.796163466380676e-14,0.35,0.35,34.915667939897396,34.915667939897396,0.0,0.0,False,False
5,dense,25,5,13.162128435280042,13.162128435280115,7.283063041541027e-14,0.35,0.35,37.542786085453685,37.54278608545368,7.105427357601002e-15,0.0,False,False
5,sticky,1,1,0.3343188681863216,0.3343188681863062,1.5432100042289676e-14,0.35,0.35,23.88830647881083,23.88830647881083,0.0,0.0,False,False
5,sticky,2,1,0.6686377363726432,0.6686377363726124,3.086420008457935e-14,0.35,0.35,24.61759270598665,24.61759270598665,0.0,0.0,False,False
5,sticky,5,1,1.4817493902063736,1.4817493902063918,1.8207657603852567e-14,0.35,0.35,26.239453138419307,26.239453138419307,0.0,0.0,False,False
5,sticky,10,2,5.402644467759155,5.402644467759357,2.0161650127192843e-13,0.35,0.35,29.48317400328462,29.48317400328462,0.0,0.0,False,False
5,sticky,20,3,10.24431251353553,10.244312513535796,2.6645352591003757e-13,0.35,0.35,34.02309373464056,34.02309373464056,0.0,0.0,False,False
5,sticky,25,3,12.307855034593599,12.307855034593953,3.5349501104064984e-13,0.35,0.35,36.44763694892182,36.44763694892182,0.0,0.0,False,False
5,cycle,1,1,0.4890096547233019,0.4890096547233052,3.3306690738754696e-15,0.35,0.35,23.88830647881083,23.88830647881083,0.0,0.0,False,False
5,cycle,2,2,2.6747134321643613,2.6747134321643733,1.199040866595169e-14,0.35,0.35,24.780880684067668,24.780880684067668,0.0,0.0,False,False
5,cycle,5,4,2.010816281037621,2.0108162810376364,1.554312234475219e-14,0.35,0.35,27.295315321757165,27.295315321757165,0.0,0.0,False,False
5,cycle,10,5,6.874591618006772,6.87459161800676,1.1546319456101628e-14,0.35,0.35,30.992350927850495,30.99235092785049,3.552713678800501e-15,0.0,False,False
5,cycle,20,5,5.938543815465348,5.938543815465354,6.217248937900877e-15,0.35,0.35,36.79568245688034,36.795682456880336,7.105427357601002e-15,0.0,False,False
5,cycle,25,5,8.112569264274411,8.112569264274441,3.019806626980426e-14,0.35,0.35,38.87218016320308,38.87218016320308,0.0,0.0,False,False
10,dense,1,1,2.7417184433760386,2.741718443376038,4.440892098500626e-16,0.35,0.35,93.94397691447443,93.94397691447443,0.0,0.0,False,False
10,dense,2,2,5.215724938162458,5.215724938162455,2.6645352591003757e-15,0.35,0.35,94.89222155539488,94.89222155539488,0.0,0.0,False,False
10,dense,5,4,11.986297018789594,11.986297018789582,1.2434497875801753e-14,0.35,0.35,97.64650245547467,97.64650245547466,1.4210854715202004e-14,0.0,False,False
10,dense,10,7,16.268312837713648,16.268312837713626,2.1316282072803006e-14,0.35,0.35,102.20681961471384,102.20681961471384,0.0,0.0,False,False
10,dense,20,10,23.828440683733028,23.828440683733024,3.552713678800501e-15,0.35,0.35,110.63190191612891,110.6319019161289,1.4210854715202004e-14,0.0,False,False
10,dense,25,10,28.231948151280097,28.231948151280093,3.552713678800501e-15,0.35,0.35,114.51794366395873,114.51794366395873,0.0,0.0,False,False
10,dense,40,10,32.00796646469578,32.00796646469578,0.0,0.35,0.35,125.41557165789392,125.41557165789393,1.4210854715202004e-14,0.0,False,False
10,sticky,1,1,4.1072212721487515,4.1072212721489185,1.6697754290362354e-13,0.35,0.35,93.94397691447443,93.94397691447443,0.0,0.0,False,False
10,sticky,2,2,4.747401136654086,4.747401136654251,1.6431300764452317e-13,0.35,0.35,94.89222155539488,94.89222155539488,0.0,0.0,False,False
10,sticky,5,3,8.78160808700915,8.7816080870091,4.973799150320701e-14,0.35,0.35,97.55604943279315,97.55604943279315,0.0,0.0,False,False
10,sticky,10,3,12.794265390971432,12.794265390971246,1.865174681370263e-13,0.35,0.35,100.92829047776586,100.92829047776586,0.0,0.0,False,False
10,sticky,20,4,19.868219651943612,19.868219651943626,1.4210854715202004e-14,0.35,0.35,106.3835127098987,106.3835127098987,0.0,0.0,False,False
10,sticky,25,4,23.803870626373925,23.803870626374096,1.7053025658242404e-13,0.35,0.35,109.75575375487139,109.75575375487139,0.0,0.0,False,False
10,sticky,40,5,37.52932079416197,37.529320794162054,8.526512829121202e-14,0.35,0.35,116.27354820623094,116.27354820623094,0.0,0.0,False,False
10,cycle,1,1,4.684936110914581,4.6849361109145375,4.3520742565306136e-14,0.35,0.35,93.94397691447443,93.94397691447443,0.0,0.0,False,False
10,cycle,2,2,5.359261316916922,5.359261316916847,7.549516567451064e-14,0.35,0.35,94.89222155539488,94.89222155539488,0.0,0.0,False,False
10,cycle,5,5,9.92241286663675,9.922412866636638,1.1191048088221578e-13,0.35,0.35,97.73695547815619,97.73695547815619,0.0,0.0,False,False
10,cycle,10,5,17.511023558052695,17.511023558052425,2.7000623958883807e-13,0.35,0.35,101.81381709484145,101.81381709484145,0.0,0.0,False,False
10,cycle,20,9,24.204598889694157,24.204598889693646,5.115907697472721e-13,0.35,0.35,110.17649127358044,110.17649127358044,0.0,0.0,False,False
10,cycle,25,9,27.833849323578136,27.833849323577457,6.785683126508957e-13,0.35,0.35,113.83900071308783,113.83900071308783,0.0,0.0,False,False
10,cycle,40,9,35.65170515490166,35.6517051549009,7.602807272633072e-13,0.35,0.35,124.41391439729514,124.41391439729516,1.4210854715202004e-14,0.0,False,False
25,dense,1,1,1.0380111933973222,1.0380111933973128,9.325873406851315e-15,0.75,0.75,603.9754601420402,603.9754601420401,1.1368683772161603e-13,0.0,False,False
25,dense,2,2,4.09975992282159,4.09975992282159,0.0,0.35,0.35,604.9551880105263,604.9551880105263,0.0,0.0,False,False
25,dense,5,5,17.364547555251033,17.364547555251026,7.105427357601002e-15,0.35,0.35,607.8943716159847,607.8943716159847,0.0,0.0,False,False
25,dense,10,8,26.563066849337204,26.56306684933731,1.0658141036401503e-13,0.6881867871004599,0.6881867800126927,612.68062020871,612.68062020871,0.0,0.0,False,False
25,dense,25,17,66.16767708286912,66.16767708286919,7.105427357601002e-14,0.35,0.35,627.1104244750674,627.1104244750674,0.0,0.0,False,False
25,dense,50,23,110.54037492044631,110.54037492044642,1.1368683772161603e-13,0.35,0.35,650.3276880603688,650.3276880603687,1.1368683772161603e-13,0.0,False,False
25,dense,100,25,159.8397714029952,159.8397714029953,8.526512829121202e-14,0.35,0.35,693.4060105240878,693.406010524088,1.1368683772161603e-13,0.0,False,False
25,sticky,1,1,5.461926248225479,5.461926248226189,7.096545573404001e-13,0.35,0.35,603.9754601420402,603.9754601420401,1.1368683772161603e-13,0.0,False,False
25,sticky,2,2,6.091838841069052,6.091838841069791,7.389644451905042e-13,0.35,0.35,604.9551880105263,604.9551880105263,0.0,0.0,False,False
25,sticky,5,2,9.698898652127959,9.69889865212858,6.217248937900877e-13,0.35,0.35,607.6750764578944,607.6750764578944,0.0,0.0,False,False
25,sticky,10,4,17.974499131054184,17.974499131054948,7.638334409421077e-13,0.35,0.35,612.4228942978125,612.4228942978125,0.0,0.0,False,False
25,sticky,25,6,34.40780115082826,34.4078011508297,1.4352963262354024e-12,0.35,0.35,624.4313980713812,624.4313980713811,1.1368683772161603e-13,0.0,False,False
25,sticky,50,8,55.866394774144595,55.86639477414566,1.0658141036401503e-12,0.35,0.35,642.9385061461289,642.9385061461289,0.0,0.0,False,False
25,sticky,100,14,103.73953808204556,103.73953808204568,1.2789769243681803e-13,0.35,0.35,681.2497900296646,681.2497900296646,0.0,0.0,False,False
25,cycle,1,1,5.669988138156538,5.669988138156548,9.769962616701378e-15,0.35,0.35,603.9754601420402,603.9754601420401,1.1368683772161603e-13,0.0,False,False
25,cycle,2,2,6.314793889177953,6.314793889177965,1.1546319456101628e-14,0.35,0.35,604.9551880105263,604.9551880105263,0.0,0.0,False,False
25,cycle,5,4,10.232949706078967,10.23294970607898,1.2434497875801753e-14,0.35,0.35,607.8559408631774,607.8559408631774,0.0,0.0,False,False
25,cycle,10,9,14.096186966222508,14.09618696622247,3.730349362740526e-14,0.35,0.35,612.7545802056079,612.7545802056079,0.0,0.0,False,False
25,cycle,25,10,37.51809185450327,37.51809185450323,3.552713678800501e-14,0.35,0.35,626.4987687217806,626.4987687217806,0.0,0.0,False,False
25,cycle,50,16,59.1146516460834,59.11465164608331,9.237055564881302e-14,0.35,0.35,649.0111322169819,649.0111322169819,0.0,0.0,False,False
25,cycle,100,19,108.18313071421008,108.18313071420965,4.263256414560601e-13,0.35,0.35,689.6228303715467,689.6228303715467,0.0,0.0,False,False
50,dense,1,1,3.9175615344289882,3.917561534428989,8.881784197001252e-16,0.35,0.35,2453.9856649321127,2453.9856649321127,0.0,0.0,False,False
50,dense,2,2,6.923272823879252,6.923272823879252,0.0,0.35,0.35,2454.975597590671,2454.975597590671,0.0,0.0,False,False
50,dense,5,4,18.134876488045226,18.13487648804521,1.4210854715202004e-14,0.35,0.35,2457.9257916453007,2457.9257916453007,0.0,0.0,False,False
50,dense,10,8,36.93653151808376,36.93653151808377,7.105427357601002e-15,0.35,0.35,2462.8558510170474,2462.8558510170474,0.0,0.0,False,False
50,dense,25,19,81.46290431287807,81.46290431287807,0.0,0.35,0.35,2477.607582680727,2477.607582680727,0.0,0.0,False,False
50,dense,50,30,144.4889101676761,144.4889101676761,0.0,0.35,0.35,2501.8434717813525,2501.8434717813525,0.0,0.0,False,False
50,dense,100,41,256.6420363289873,256.64203632898733,5.684341886080802e-14,0.35,0.35,2549.7090164138226,2549.7090164138226,0.0,0.0,False,False
50,sticky,1,1,0.05346464534353846,0.05346464534362661,8.815170815523743e-14,0.75,0.75,2453.9856649321127,2453.9856649321127,0.0,0.0,False,False
50,sticky,2,1,5.704071039419001,5.704071039417716,1.2851941733060812e-12,0.35,0.35,2454.955993669625,2454.955993669625,0.0,0.0,False,False
50,sticky,5,2,8.231320380113496,8.23132038011217,1.326938559031987e-12,0.35,0.35,2457.8677412726947,2457.8677412726947,0.0,0.0,False,False
50,sticky,10,3,13.092384679106926,13.092384679105427,1.4992451724538114e-12,0.35,0.35,2462.4889645667854,2462.4889645667854,0.0,0.0,False,False
50,sticky,25,4,27.660666873166626,27.660666873164978,1.6484591469634324e-12,0.35,0.35,2475.7737002900626,2475.7737002900626,0.0,0.0,False,False
50,sticky,50,9,55.57935613158064,55.57935613157937,1.2718714970105793e-12,0.35,0.35,2497.7576591029824,2497.7576591029824,0.0,0.0,False,False
50,sticky,100,15,114.73010231040251,114.73010231040077,1.7479351299698465e-12,0.35,0.35,2543.0907168006615,2543.0907168006615,0.0,0.0,False,False
50,cycle,1,1,0.3637941036238489,0.3637941036238369,1.199040866595169e-14,0.35,0.35,2453.9856649321127,2453.9856649321127,0.0,0.0,False,False
50,cycle,2,2,5.389697145756202,5.38969714575647,2.682298827494378e-13,0.35,0.35,2454.975597590671,2454.975597590671,0.0,0.0,False,False
50,cycle,5,5,7.9245079369127644,7.924507936913116,3.517186542012496e-13,0.35,0.35,2457.9453955663466,2457.9453955663466,0.0,0.0,False,False
50,cycle,10,10,12.225401498170061,12.225401498170557,4.956035581926699e-13,0.35,0.35,2462.8950588591388,2462.8950588591388,0.0,0.0,False,False
50,cycle,25,15,39.730491468038124,39.73049146803899,8.668621376273222e-13,0.35,0.35,2477.491481935515,2477.4914819355145,4.547473508864641e-13,0.0,False,False
50,cycle,50,22,72.7594433937442,72.75944339374588,1.6768808563938364e-12,0.35,0.35,2501.3748111403593,2501.3748111403593,0.0,0.0,False,False
50,cycle,100,27,132.48090232937477,132.48090232937855,3.780087354243733e-12,0.35,0.35,2547.4603864689225,2547.4603864689225,0.0,0.0,False,False
